Basis,program,"image size (1/2 diag, mm)",f/#,efl (mm),notes
CH321571 Example01P,zemax,21.6,5.6,60,Zeiss Distagon 60mm F5.6
CH346706 Example01P,zemax,21.6,1.9,50,Schneider Xenon 1.9 / 50
CN104101985_Example01P,zemax,21.6,2,35,Zhong Yi Creator 35mm F2
CN106249387_Example02P,zemax,21.6,1.4,50,Yongnuo YN 50mm f/1.4
CN107255857_Example01P,zemax,21.6,1.4,135,Zhong Yi SpeedMaster 135mm F1.4
CN107272156 Example01P,zemax,14.3,0.95,35,Zhong Yi SpeedMaster 35mm F0.95 II
CN107272157_Example01P,zemax,10.84,0.95,25,Zhong Yi SpeedMaster 25mm F0.95
CN110161666_Example02P,zemax,14.2,2.82,65,Venus Laowa 65mm f2.8 2x Ultra Macro APO
CN110501809_Example01P,zemax,21.6,2.81,85,Zhong Yi 85mm f2.8 1-5X Super Macro
CN110596863_Example01P,zemax,21.6,1.4,65,Zhong Yi SpeedMaster 65mm F1.4
CN111965793_Example01P,zemax,21.5,0.95,50,Zhong Yi SpeedMaster 50mm F0.95 M)
CN205427291 Example02P,zemax,21.63,4,15,Venus Laowa 15mm f4 Wide Angle Macro
CN205720849 Example02P,zemax,21.63,2.8,12,Venus Laowa 12mm f2.8 Zero-D
CN206074892_Example01P,zemax,21.6,2,100,Yongnuo YN100mm F2N
CN207216120 Example01P,zemax,21.6,2.8,40,Yongnuo YN40mm F2.8N
CN209606699 Example01P,zemax,13.8,1.8,20,Viltrox MF 20mm F1.8 FE
CN210573001_Example01P,zemax,21.6,14,24,Venus Laowa 24mm f14 2X Macro Probe
CN211826699 Example01P,zemax,14.3,1.4,33,Viltrox AF 33mm F1.4 E
CN211826700 Example01P,zemax,14.3,1.4,23,Viltrox AF 23mm F1.4 E
CN211955963 Example01P,zemax,21.6,1.8,35,Viltrox AF 35mm F1.8 FE
CN211955965 Example01P,zemax,14.4,1.4,56,Viltrox AF 56mm F1.4 E
CN211955966 Example01P,zemax,21.6,1.8,50,Viltrox AF 50mm F1.8 FE
Cox1-01,zemax,3.9,5.3,27,
Cox1-03,zemax,3.57,5.1,25.4,doublet
Cox1-04,zemax,3.51,5,25,air-spaced doublet
Cox1-05,zemax,3.51,7.6,25,Cox example 1-05
Cox1-06,zemax,3.51,3.9,25,Cox example 1-06
DE00753329 Example01P,zemax,21.6,2.8,50,Schneider Xenar 2.8 / 50
DE00975637 Example01P,zemax,107,8,90,Schneider Super-Angulon 8 / 90
DE01022027 Example01P,zemax,21.6,3.5,100,Canon Serenar 100mm f3.5
DE01045120 Example01P,zemax,21.6,1.4,50,Leica Summilux-M 50mm F1.4
DE01096057 Example01P,zemax,21.6,4,200,Leica Telyt 200mm F4
DE01157000 Example01P,zemax,35,4,50,Zeiss Flektogon 50mm F4
DE01170157 Example01P,zemax,21.63,1.4,55,Zeiss Planar f1.4 55mm
DE01250153 Example02P,zemax,21.63,2.8,25,Zeiss Distagon T f2.8 25mm Contax
DE02205380 Example03P,zemax,21.6,3.5,28,Olympus 28mm f3.5 G Zuiko Auto-W
DE02206106 Example01P,zemax,21.6,11,1000,Olympus 1000mm f11 E Zuiko Auto-T
DE02246966 Example01P,zemax,21.6,4,90,Leica Macro-Elmar-M 90mm F4
DE02359156 Example12P,zemax,21.6,2,28,Zeiss Distagon T f2 28mm Contax
DE02444954 Example02P,zemax,116,5.6,90,Rodenstock Grandagon-N 90mm f5.6
DE02444954 Example03P,zemax,96,5.6,75,Rodenstock Grandagon-N 75mm f5.6
DE02444954 Example04P,zemax,83.5,5.6,65,Rodenstock Grandagon-N 65mm f5.6
DE02729831 Example01P,zemax,70.5,5.6,100,Rodenstock Sironar-N 100mm f/5.6
DE02818394 Example01P,zemax,105,6.8,210,Rodenstock Geronar 210mm f6.8
DE03026282 Example01P,zemax,77.5,8,90,Rodenstock Geronar-WA 90mm f8
EP1357414A1_ex1,zemax,3.9,2.88,3.33,early 2-element design for mobile imaging
EP3029504 Example04P,zemax,14.2,1.4,35,Leica Summilux-TL 35mm F1.4 Asph
EP3136147_Example01P,zemax,21.6,1.4,50,Leica Summilux-SL 50 f/1.4 ASPH
FR1066698 Example01P,zemax,21.6,2.8,50,Zeiss Tessar f2.8 50mm
FR1233449 Example01P,zemax,21.6,1.4,35,Leica Summilux 35mm F1.4
FR1471493 Example01P,zemax,21.6,2.8,35,Leica Elmarit-R 35mm F2.8
GB0673358 Example01P,zemax,21.6,2.5,35,Angenieux 35mm f2.5 R1
GB0720808 Example01P,zemax,21.6,3.5,28,Angenieux 28mm f3.5 R11
GB0978797 Example01P,zemax,21.6,4,20,Zeiss Flektogon 20mm F4
GB1408910 Example02P,zemax,21.6,2.3,135,Vivitar Series 1 135mm f2.3
HandbookCamFig01,zemax,21,1.3,55,double gauss
HandbookCamFig02,zemax,21,3.2,85,
HandbookCamFig03,zemax,21,3.2,35,
HandbookCamFig04,zemax,21,2.8,35,
HandbookCamFig05,zemax,21,3,28,
HandbookCamFig06,zemax,21,1.4,20,
HandbookCamFig07,zemax,21,2,24,
HandbookCamFig08,zemax,21,1.4,27,
HandbookCamFig09,zemax,21,1.4,36,
HandbookCamFig10,zemax,16,2.8,15,
HandbookCamFig11,zemax,21,2.9,17,
HandbookCamFig12,zemax,21,2.9,200,
HandbookCamFig13,zemax,21,2.1,300,
HandbookCamFig16,zemax,,,,telephoto zoom
Imaging_Optics_Figure_7_19a,zemax,24,4.4,100,Petzval portrait lens (present-day glasses); Imaging Optics  p. 449
Imaging_Optics_Figure_7_19b,zemax,24,4.4,100,Redesigned Petzval lens with reduced field curvature; Imaging Optics p. 449.
Imaging_Optics_Figure_7_20,zemax,23,3.4,100,Dallmeyer protrait lens; Imaging Optics p. 450.
Imaging_Optics_Figure_7_24,zemax,24,4.4,50,Triplet lens (SK16 - LF5 - SK16); Imaging Optics p.461.
Imaging_Optics_Figure_7_28_US1792917,zemax,61.8,4.5,100,"Double Gauss lens, US patent 1792917 (Carl Zeiss, Jena); Imaging Optics p. 462-466."
Imaging_Optics_Figure_7_6,zemax,1,5,100,"Apochromatic doublet (0.425 to 1.5 micron wavelength),"
Imaging_Optics_Figure_7_7,zemax,1,5,100,"Aprochromatic collimator (365 to 1050 nm), Imaging Optics p. 434"
JP1963-002613_Example01_Tale12,zemax,21.6,3.5,28,Nikon Nikkor-H 2.8cm f/3.5
JP1963-026133 Example01_Tale12,zemax,21.6,3.5,28,Nikon Nikkor-H 2.8cm f/3.5
JP1973-071634 Example02P,zemax,21.6,5.6,15,Nikon Nikkor 15mm f/5.6
JP1976-023175_Example02P,zemax,21.6,5.6,15,Nikon Nikkor 15mm f/5.6
JP1976-026535 Example01P,zemax,21.6,1.8,28,Konica Minolta UC Hexanon AR 28mm F1.8
JP1976-062037 Example01P,zemax,21.6,2.8,135,Konica Minolta 135mm F2.8 MD Tele Rokkor
JP1978-087728 Example01P,zemax,35,4,80,Mamiya-Sekor Macro C 80mm f4
JP1979-030821 Example01P,zemax,21.6,1.8,40,Konica Minolta Hexanon 40mm F1.8
JP1979-055423 Example01P,zemax,21.6,3.5,135,Konica Minolta Hexanon AR 135mm F3.5
JP1979-055424 Example01P,zemax,21.6,4,200,Konica Minolta Hexanon 200mm F4
JP1979-107336 Example01P,zemax,35,2.8,55,Mamiya 55mm f2.8N
JP1980-017129 Example01P,zemax,21.6,2.8,21,Konica Minolta Hexanon 21mm F2.8
JP1980-028038_Example01_Tale26,zemax,21.6,2.8,55,Nikon AI Micro-Nikkor 55mm f/2.8
JP1980-087117 Example01P,zemax,21.6,2.8,24,Konica Minolta Hexanon 24mm F2.8
JP1981-035116 Example01P,zemax,21.6,5.6,600,Nikon AI Nikkor 600mm f/5.6 IF-ED
JP1981-075613 Example01P,zemax,21.6,1.2,50,Canon FD50mm f/1.2L
JP1981-159613 Example01P,zemax,21.6,2.8,300,Canon New FD300mm f2.8L
JP1982-108817 Example01P,zemax,21.6,1.8,50,Konica Minolta Hexanon 50mm F1.8
JP1983-014810 Example03P,zemax,21.6,2.8,350,Olympus Zuiko Auto-T 350mm F2.8
JP1985-040604_Example01P,zemax,21.6,1.2,50,Canon FD50mm f/1.2L
JP1985-111215 ExampleMLP,zemax,21.6,1.7,50,Konica Minolta 50mm F1.7 MD
JP1986-090115 Example04P,zemax,20.57,4.5,105,Nikon UV-Micro-Nikkor 105mm f/4.5
JP1987-244010_EXAMPLE01P,zemax,21.6,1.4,85,Konica Minolta AF 85mm F1.4
JP1987-244010_EXAMPLE02P,zemax,21.6,2,100,Konica Minolta AF 100mm F2
JP1987-249119 Example04P,zemax,21.6,2.8,20,Konica Minolta AF 20mm F2.8
JP1988-017421_Example03P,zemax,21.6,2.8,15,Canon EF15mm f2.8 Fisheye
JP1988-201614_EXAMPLE04P,zemax,21.6,2,35,Konica Minolta AF 35mm F2
JP1989-031113 Example05P,zemax,21.6,2.8,28,Nikon R-UW AF Nikkor 28mm f/2.8
JP1990-248910_Example01P,zemax,21.6,2.8,15,Sigma 15mm F2.8 EX DG Diagonal Fisheye
JP1994-029897_Example04P,zemax,20.6,4.5,105,Nikon UV-Micro-Nikkor 105mm f/4.5
JP1996-110467 Example01P,zemax,21.6,1.8,85,Canon EF85mm f1.8 USM
JP1997-211319 Example01P,zemax,21.6,3.5,180,Canon EF180mm f3.5L Macro USM
JP1997-297263 Example01P,zemax,35,2.8,55,Phase One Mamiya AF 55mm f2.8
JP1998-206729 Example01P,zemax,35,4.5,300,Mamiya AF APO 300mm f4.5 IF
JP1999-211978 Example01P,zemax,21.6,1.4,35,Canon EF35mm f1.4L USM
JP1999-231209_EXAMPLE01P,zemax,21.6,2.8,135,Konica Minolta 135mm F2.8 T4.5 STF
JP2000-028919 Example01P,zemax,44.8,8,210,Mamiya 210mm f8
JP2000-275517 Example01_Tale24,zemax,4,,afocal,Nikon TC-E2 with Main Lens (front converter)
JP2000-292689 Example02P,zemax,33.31,2.8,85,Nikon PC-E Micro-Nikkor 85mm f/2.8D
JP2001-033704 Example01P,zemax,21.6,3.5,180,Sigma APO Macro 180mm F3.5 EX DG IF HSM
JP2001-174702 Example01_Tale24,zemax,4.47,,afocal,Nikon TC-E3ED with Main Lens
JP2003-005030 Example06_Tale78,zemax,21.6,2.8,45,Nikon AI Nikkor 45mm f/2.8P
JP2003-185916 Example01P,zemax,34.85,4,120,Phase One Schneider Kreuznach 120mm LS f4 Macro
JP2004-101880_Example02P,zemax,21.6,1.2,35,Cosina Voigtlander Nokton 35mm F1.2 Aspherical
JP2005-107261_Example05P,zemax,NA,NA,NA,Nikon AF-S Teleconverter TC-17E II
JP2008-003108_Example01P,zemax,11.3,3.5,8,Sigma 8mm F3.5 EX DG Circular Fisheye
JP2008-145584 Example01P,zemax,21.6,2,200,Canon EF200mm f2L IS USM
JP2011-048232_Example03P,zemax,10.8,2.8,45,Panasonic Leica DG Macro-Elmarit 45mm F2.8 Asph Mega OIS
JP2011-170128_Example05P,zemax,21.6,1.4,85,Sigma 85mm F1.4 EX DG HSM
JP2011-248340_Example01P,zemax,8.2,2.8,10,Nikon 1 Nikkor 10mm f/2.8
JP2012-159613_Example01P,zemax,14.2,3.5,30,Sony E 30mm F3.5 Macro
JP2012-234169_Example01P,zemax,14.2,2.8,30,Sigma 30mm F2.8 DN A
JP2012-242690_Example02P,zemax,14.2,1.8,50,Sony E 50mm F1.8 OSS
JP2013-003324_Example02P,zemax,10.8,1.4,25,Panasonic Leica DG Summilux 25mm F1.4 II Asph
JP2013-054269_Example01P,zemax,21.6,2.8,28,Canon EF28mm f2.8 IS USM
JP2013-104994_Example02P,zemax,21.6,2.8,180,Sigma APO Macro 180mm F2.8 EX DG OS HSM
JP2013-161076_Example01P,zemax,10.8,1.8,75,Olympus M.Zuiko Digital ED 75mm F1.8
JP2013-250290_Example01TCP,zemax,21.6,9,975,Nikon AF-S Teleconverter TC800-1.25E ED
JP2014-026184_Example04P,zemax,14.2,1.8,50,Ricoh smc Pentax-DA 50mm F1.8
JP2014-048488_Example03P,zemax,21.6,1.4,35,Sigma 35mm F1.4 DG HSM Art
JP2014-142520_Example01P,zemax,14.2,1.4,30,Sigma 30mm F1.4 DC HSM Art
JP2014-145954 Example01P,zemax,14.2,2.8,60,Sigma 60mm F2.8 DN A
JP2015-041003_Example01MLP,zemax,21.6,1.4,50,Nikon AF-S Nikkor 50mm f/1.4G
JP2015-041012_Example01P,zemax,21.6,2.8,35,Sony Sonnar T* FE 35mm F2.8 ZA
JP2015-075501_Example01P,zemax,10.8,1.8,25,Olympus M.Zuiko 25mm F1.8
JP2015-096915_Example02P,zemax,21.63,85,18,Zeiss Batis 1.8/85
JP2015-102734_Example01MLP,zemax,21.63,2.8,300,Nikon AF-S Nikkor 300mm f/2.8D IF-ED II
JP2015-102734_Example01TCP,zemax,NA,NA,NA,
JP2015-111192_Example01P,zemax,13.66,2.8,24,Canon EF-S24mm f2.8 STM
JP2015-114366_Example01P,zemax,21.6,1.4,50,Sigma 50mm F1.4 DG HSM Art
JP2015-161792_Example01P,zemax,14,2.8,50,Zeiss Touit 2.8 50M
JP2015-215560_Example01P,zemax,21.63,4,500,Nikon AF-S Nikkor 500mm f/4E FL ED VR
JP2016-012034_Example01P,zemax,21.6,1.4,24,Sigma 24mm F1.4 DG HSM Art
JP2016-021011_Example04P,zemax,21.6,1.8,20,Nikon AF-S Nikkor 20mm f/1.8G ED
JP2016-099362_Example06P,zemax,11.15,3.5,30,Olympus M.Zuiko ED 30mm F3.5 Macro
JP2016-184136_Example07P,zemax,11.6,1.8,8,Olympus M.Zuiko ED 8mm F1.8 Fisheye
JP2016-188967_Example01P,zemax,21.6,18,28,Zeiss Batis 2.8/18
JP2016-191761_MLP,zemax,21.6,2.8,400,Canon EF400mm f2.8L IS USM
JP2017-003807_Example04P,zemax,21.6,1.8,24,Nikon AF-S Nikkor 24mm f/1.8G ED
JP2017-161685_Example02P,zemax,33,4,19,Nikon PC Nikkor 19mm f/4E ED
JP2017-167327 Example01P,zemax,10.82,1.4,12,Panasonic Leica DG Summilux 12mm F1.4 Asph
JP2017-227799_Example01P,zemax,21.6,1.4,28,Nikon AF-S Nikkor 28mm f/1.4E ED
JP2017-227799-1,zemax,21.5,1.4,28,
JP2018-005099 Example04P,zemax,21.63,1.4,85,Sigma 85mm F1.4 DG HSM A
JP2018-049102_Example01P,zemax,21.6,2,135,Canon EF135mm f2L USM
JP2018-132674 Example01P,zemax,33.63,4,135,Canon TS-E135mm f4L Macro
JP2018-180366 Example01P,zemax,13.66,1.4,32,Canon EF-M32mm f1.4 STM
JP2018-205474 Example01P,zemax,34,2.8,90,Canon TS-E90mm f2.8L Macro
JP2018-205527_Example01P,zemax,14.2,1.4,16,Sigma 16mm F1.4 DC DN Contemporary
JP2019-023693 Example01P,zemax,10.82,1.2,45,Olympus M.Zuiko ED 45mm F1.2 Pro
JP2019-090947_Example04P,zemax,21.6,1.8,35,Nikon Nikkor Z 35mm f/1.8 S
JP2019-117419_Example01P,zemax,21.63,1.4,20,Sigma 20mm F1.4 DG HSM Art
JP2019-144441_Example01P,zemax,21.6,2.8,70,Sigma 70mm F2.8 DG Macro Art
JP2019-144477_Example01P,zemax,21.6,1.4,105,Sigma 105mm F1.4 DG HSM Art
JP2019-152887_Example03P,zemax,21.6,2.8,400,Nikon AF-S Nikkor 400mm f/2.8 E FL ED VR
JP2019-211703_Example01P,zemax,21.6,2.8,45,Sigma 45mm F2.8 DG DN C
JP2019-219472_Example06P,zemax,21.6,1.4,28,Sigma 28mm F1.4 DG HSM A
JP2020-030383_Example01P,zemax,14,1.4,56,Sigma 56mm F1.4 DC DN C
JP2020-173366_Example03P,zemax,21.6,1.8,85,Nikon Nikkor Z 85mm f/1.8 S
JP2020-190696_Example01MLP,zemax,21.64,4,17,Canon EF17-40mm f4L USM
JP2020-190696_Example03MLP,zemax,21.6,2.8,24,Canon EF24mm f2.8 IS USM
JP2021-047297_Example01P,zemax,21.6,2.8,100,Canon RF100mm F2.8 L Macro IS USM
JP2021-085935 Example01P,zemax,21.63,1.4,85,Sigma 85mm F1.4 DG DN A
JP2021-189311_Example08P,zemax,21.7,,afocal,Nikon Nikkor Z TC-2.0x (front adapter)
JP2021-189351 Example04P,zemax,21.63,2,40,Nikon Nikkor Z 40mm f/2
JP2021-189377_Example01P,zemax,21.7,4,24,Nikon Nikkor Z 24-50mm f/4-6.3
JP2022-030896 Example01P,zemax,19.92,2.8,24,Sony FE 24mm F2.8 G
KR1020140184971_Example01P,zemax,21.6,1.4,50,Samyang 50mm F1.4 AS UMC
KR1020150147546_Example01P,zemax,21.7,1.4,50,Samyang AF 50mm F1.4 FE
KR1020150155317_Example01P,zemax,21,2,135,Samyang 135mm F2.0 ED UMC
KR1020150182611_Example01P,zemax,21.6,2.8,100,Samyang 100mm F2.8 ED UMC Macro
KR1020170053557_Example01P,zemax,21.7,2.8,14,Samyang AF 14mm F2.8 FE/RF
KR1020180065114_Example04P,zemax,21.6,2.8,35,Samyang AF 35mm F2.8 FE
KR1020180084767_Example03P,zemax,21.6,1.2,35,Samyang XP 35mm F1.2
KR1020200129711_Example02P,zemax,21.6,1.4,85,Samyang AF 85mm F1.4 EF
Note01Fig1,zemax,21,4,21,NIKKOR-O 2.1cm F4
Note01Fig3,zemax,21,3.8,65,
Note02Fig1,zemax,21,2,50,AI Nikkor 50mm F2
Note02Fig2,zemax,21,4,50,
Note03Fig1,zemax,21,1.8,35,W-Nikkor 3.5cm F1.8
Note05Fig1,zemax,21,,,
Note05Fig2,zemax,21,2.5,105,AI Nikkor 105mm F2.5
Note06Fig1,zemax,21,6,10,OP Fisheye-NIKKOR 10mm F5.6
Note07Fig1,zemax,21,,,NIKKOR-N 5cm F1.1
Note10Fig1,zemax,21,2.8,,AI Nikkor ED 180mm F2.8S
Note11-Fig1,zemax,21,2.8,300,NIKKOR-H 300mm F2.8
Note12Fig1,zemax,21,3.5,38,NIKKOR-H Auto 2.8cm F3.5
Note14-Fig1,zemax,21,2.8,24,NIKKOR-N Auto 24mm F2.8
Note16-Fig1,zemax,21,1.3,58,AI Noct Nikkor 58mm F1.2
Note16-Fig1b,zemax,21,1.5,55,
Note17-Fig1,zemax,21,4,28,PC-NIKKOR 28mm f/4
Note19-Fig1,zemax,21,1.5,85,Nikkor-S·C 8.5cm F1.5
Note20-Fig1,zemax,21,3.7,20,Nikkor-UD Auto 20mm f/3.5
Note21-Fig1,zemax,21,4,105,Nikkor-T 10.5cm f/4
Note23-Fig1,zemax,21,2.8,80,AF Nikkor 80mm f/2.8
Note24-Fig2,zemax,21,,0,Nikon FC-E8 fisheye converter for Coolpix
Note24-Fig3,zemax,21,,0,Nikon WC-E63 0.63X front adapter forCoolpix
Note24-Fig4,zemax,21,,0,Nikon TC-E2 (2X front converter)
Note26-Fig1,zemax,21,2.8,55,Ai Micro Nikkor 55mm f/2.8
Note27-Fig1,zemax,21,1.45,35,Ai Nikkor 35mm F1.4S
Note28-Fig1,zemax,,,,
Note30-Fig1,zemax,21,3,135,Ai Nikkor 135mm F2
Note31-Fig1,zemax,21,2,200,Ai Nikkor ED 200mm F2S (IF)
Note32-Fig1,zemax,21,1.85,85,Ai AF Nikkor 85mm f/1.8S
Note32-Fig2,zemax,21,2,135,Ai AF DC Nikkor 135mm f/2S
Note33-Fig1,zemax,21,2.8,35,“Pikaichi” L35AF 35mm f/2.8
Note34-Fig1,zemax,21,2,50,NIKKOR-H·C 5cm F2
Note36-Fig1,zemax,21,2,85,Nikkor P·C 8.5cm F2
Note37-Fig1,zemax,21,2.5,35,W-Nikkor 3.5cm F2.5
Note38-Fig1,zemax,21,2.8,35,Nikkor 35mm f/2.8
Note38-Fig2,zemax,21,2.8,35,Nikkor-S Auto 35mm f/2.8
Note38-Fig3,zemax,21,2.8,35,Nikkor 35mm f/2.8
Note40-Fig1,zemax,21,2,58,Nikkor-S Auto 5.8cm F1.4
Note41-Fig1,zemax,21,1.4,85,AF Nikkor 85mm f/1.4D IF
Note43-Fig1,zemax,21,4,135,NIKKOR-Q.C 13.5cm f/4
Note44-Fig1,zemax,21,1.4,50,Nikkor-S Auto 50mm f/1.4
Note45-Fig1,zemax,21,2.5,105,NIKKOR-P.C 10.5cm f/2.5
Note48-Fig1,zemax,21,,,Nikkor-Q Auto 200mm f/4
Note50-Fig1,zemax,21,5,400,NIKKOR-Q Auto 400mm F4.5
Note53-Fig1,zemax,21,3.5,15,AF Fisheye-Nikkor 1Ai 6mm f/2.8D
Note57-Fig1,zemax,21,2.85,28,AI Nikkor 28mm f/2.8S
Note59-Fig1,zemax,21,1.85,105,AI Nikkor 105mm f/1.8S
Note60-Fig1,zemax,21,1.8,50,AI NIKKOR 50mm f/1.8S
Samy&Gao-1(220deg),zemax,2.85,4,4.5,fisheye: +-110 deg FOV
Samy&Gao-2(220deg),zemax,2.85,3.8,1.5,fisheye: +-110 deg FOV
US00252682-1,zemax,11.13,3.1,25,"Double-gauss variant, Cox example 3-13"
US002645973 Example01P,zemax,21.6,1.5,85,Canon Serenar 85mm f1.5
US002645974 Example01P,zemax,21.6,3.5,28,Canon Serenar 28mm f3.5
US002645975 Example01P,zemax,21.6,3.2,35,Canon Serenar 35mm f3.2
US002681594 Example01P,zemax,21.6,1.8,50,Canon Serenar 50mm f1.8 soft focus
US002720140 Example03P,zemax,39.5,4,150,Zeiss Sonnar T f4 150mm
US002721499_Example02_Tale01,zemax,21.6,4.5,21,Zeiss Biogon 2.1cm f/4.5
US002724994 Example02P,zemax,21.6,2.8,80,Zeiss Planar 2.8/80
US002779239 Example01P,zemax,21.6,2.8,28,Canon 28mm f2.8
US002838978 Example01P,zemax,21.6,2.8,50,Canon 50mm f2.8
US002854890 Example01P,zemax,21.6,1.8,35,Canon 35mm f1.8
US002896506_Example01_Tale03,zemax,21.6,1.8,35,Nikon W-Nikkor 3.5cm f/1.8
US002995980 Example01P,zemax,21.6,2.8,90,Leica Elmarit 90mm F2.8
US003037426 Example01P,zemax,7.4,5.7,5.7,Kinoptik Tegea 5.7mm f/1.8
US003038380 Example01P,zemax,21.63,,35,Zeiss Distagon 4/35
US003108152 Example02P,zemax,21.6,2.8,135,Leica Elmarit-M 135mm F2.8
US003376091 Example01P,zemax,78,5.6,75,Schneider Super-Angulon 5.6 / 75
US003410632 Example02P,zemax,27.5,4,35,Leica PA-Curtagon-R 35mm F4
US003459468_Example01P,zemax,21.6,1.2,50,Leica 50mm Noctilux f/1.2
US003467462 Example01P,zemax,44.8,4,300,Ricoh SMCT Pentax 6x7 300mm f4
US003490825_Example01P,zemax,21.6,4.5,85,Ricoh Pentax Ultra-Achromatic-Takumar 85mm F4.5
US003502393_Example01P,zemax,44.8,4,600,Ricoh SMC Pentax 6x7 600mm f4
US003502394 Example01P,zemax,21.6,4,300,Ricoh Pentax Super-Takumar 300mm f4
US003506336 Example01P,zemax,21.6,2,35,Ricoh Pentax Super-Takumar 35mm f2
US003506339 Example01P,zemax,21.6,3.5,28,Ricoh Pentax Super-Takumar 28mm f3.5
US003507558 Example01P,zemax,21.6,2,35,Nikon AI Nikkor 35mm f/2
US003515462_Example01P,zemax,21.6,4,17,Ricoh smc Pentax 17mm F4 Fish-Eye
US003524697_Example01_Tale06,zemax,10.8,5.6,10,Nikon OP Fisheye-Nikkor 10mm F5.6
US003524697_Example01P,zemax,10.8,5.6,6,Nikon Fisheye-Nikkor 6mm f/5.6
US003536379_Example01P,zemax,21.6,6.3,800,Leica Telyt-S 800mm f/6.3
US003545845_Example01P,zemax,21.6,3.5,24,Ricoh smc Pentax 24mm F3.5
US003549241_Example02P,zemax,21.6,4,20,Nikon Nikkor 20mm f/4
US003552833 Example01P,zemax,21.6,2.8,60,Leica Macro-Elmarit-R 60mm F2.8
US003560079_Example01_Tale44,zemax,21.6,1.4,50,Nikon Nikkor-S Auto 50mm f/1.4
US003576360_Example01_Tale27,zemax,21.6,1.4,35,Nikon AI Nikkor 35mm f/1.4S
US003584935_Example01P,zemax,21.6,2.8,35,Konica Minolta Varifocal Hexanon AR 35-100mm F2.8
US003589798_EXAMPLE02P,zemax,21.6,2.8,16,Konica Minolta AF 16mm F2.8 FishEye
US003615126 Example01P,zemax,21.6,2.8,38,Konica Minolta Hexar 38mm F2.8
US003622227_Example01_Tale14,zemax,21.6,2.8,24,Nikon Nikkor-N Auto 24mm f/2.8
US003649104 Example03P,zemax,21.6,2,50,Leica Elcan 50mm F2
US003663095 Example02P,zemax,21.6,5.6,15,Nikon Nikkor-PD Auto 15mm f/5.6
US003731989_Example01P,zemax,21.6,2.8,35,Nikon Nikkor 35mm f/2.8
US003736049_Example01P,zemax,21.6,2,28,Nikon Nikkor-N Auto 28mm f/2
US003737214_Example01P,zemax,11.5,2.8,6,Nikon Fisheye-Nikkor 6mm f/2.8
US003738736_Example03P,zemax,21.6,1.2,50,Nikon Nikkor 50mm f/1.2
US003740120 Example03P,zemax,21.6,2.8,28,Leica Elmarit-R 28mm F2.8
US003743384_Example01P,zemax,21.6,11,360,Nikon AI Zoom-Nikkor 360-1200mm f/11 ED
US003748022 Example01P,zemax,21.6,2.8,35,Canon FD35mm f2
US003749478 Example02P,zemax,21.63,28,100,Olympus Zuiko Auto-T 100mm F2.8
US003774991_Example03P,zemax,43.45,8,800,Nikon pre-AI 800mm f/8 ED
US003804494 Example01P,zemax,21.63,5,200,Olympus Zuiko Auto-T 200mm F5
US003817603 Example01P,zemax,21.6,1.7,50,Ricoh smc Pentax-M 50mm F1.7
US003819253 Example01P,zemax,21.6,4.5,300,Olympus 300mm f4.5 F Zuiko Auto-T
US003827781 Example01P,zemax,21.6,5.4,600,Olympus 600mm f6.5 F Zuiko Auto-T
US003830559 Example01P,zemax,21.6,2,24,Olympus 24mm f2 J Zuiko Auto-W
US003838911 Example01P,zemax,21.6,3.5,135,Olympus 135mm f3.5 E Zuiko Auto-T
US003844640 Example01P,zemax,21.6,2,35,Olympus 35mm f2 H Zuiko Auto-W
US003848972_Example01P,zemax,21.6,4.5,85,Olympus F.Zuiko Auto-T 85mm
US003850509 Example01P,zemax,21.6,3.5,16,Olympus 16mm f3.5 Zuiko Auto-Fisheye
US003862794 Example02P,zemax,21.6,2.1,28,Olympus 28mm f2 I Zuiko Auto-W
US003864027 Example01P,zemax,21.6,6.4,400,Olympus 400mm f6.3 E Zuiko Auto-T
US003874770_Example01_Tale38,zemax,21,2.8,35,Nikon Nikkor 35mm f/2.8
US003874771 Example05P,zemax,21.6,1.4,50,Zeiss Planar T f1.4 50mm
US003883229 Example02P,zemax,39.95,5.6,250,Zeiss Sonnar Superachromat f5.6 250mm CFE
US003884556 Example03P,zemax,21.6,3.5,21,Olympus 21mm f3.5 G Zuiko Auto-W
US003884556 Example04P,zemax,21.6,2.8,24,Olympus 24mm f2.8 I Zuiko Auto-W
US003884557 Example01P,zemax,21.63,3.5,50,Olympus 50mm f3.5 Zuiko Auto-Macro
US003915558 Example08P,zemax,21,1.4,35,Zeiss Distagon T f1.4 35mm Contax
US003936153_EXAMPLE01P,zemax,21.6,2.8,35,Konica Minolta 35mm F2.8 MD
US003938883_Example01P,zemax,21.6,2.8,24,Ricoh smc Pentax 24mm F2.8
US003973832_EXAMPLE02P,zemax,21.6,2.8,28,Konica Minolta 28mm F2.8 MD
US003975089_Example01P,zemax,21.63,2.8,38,Vivitar Series 1 35-85mm f2.8
US003992085 Example01P,zemax,21.6,1.4,24,Canon FD24mm f1.4 SSC Aspherical
US003994576 Example01P,zemax,21.6,2.8,40,Zeiss Sonnar 40mm F2.8 Rollei
US003997247 Example11P,zemax,24.7,5.6,40,Zeiss S-Biogon f5.6 40mm
US004029397_Example02P,zemax,21.6,3.5,18,Olympus 18mm f3.5 Zuiko MC Auto-W
US004045128 Example01P,zemax,21.6,4.5,400,Canon FD400mm f4.5 SSC
US004046459 Example02P,zemax,21.6,2.8,28,Canon FD28mm f2.8 SC
US004057330_Example02P,zemax,21.6,2.8,135,Nikon AI Nikkor 135mm f/2.8S
US004062630_Example05_Tale30,zemax,21.6,2,135,Nikon AI Nikkor 135mm F2
US004063802_Example01P,zemax,21.6,2,85,Olympus Zuiko Auto-T 85mm
US004094588 Example01P,zemax,21.8,1.4,50,Olympus Zuiko Auto-S 50mm F1.4
US004099843 Example06P,zemax,21.6,1.2,50,Olympus Zuiko Auto-S 50mm F1.2
US004099850_Example05P,zemax,21.6,3.5,28,Nikon Nikkor 28mm f/3.5
US004123144_Example08P,zemax,21.6,2,50,Leica Summicron R 50mm f/2
US004124276_EXAMPLE03P,zemax,21.6,2.8,85,Konica Minolta 85mm F2.8 VariSoft
US004143944_Example01P,zemax,21.6,1.4,35,Ricoh smc Pentax-M 35mm F1.4
US004147410_Example01P,zemax,21.6,3.8,50,Konica Minolta 24-50mm F4 MD Zoom
US004154508 Example02MLP,zemax,21.6,4.5,300,Nikon Nikkor 300mm ED F4.5
US004154508 Example11_Tale73,zemax,21.6,2.8,afocal,Nikon TC-1
US004154508_Example02P,zemax,21.6,4.5,300,Nikon Nikkor 300mm ED F4.5
US004154509 Example01P,zemax,21.6,2.8,40,Ricoh smc Pentax-M 40mm F2.8
US004170403 Example01P,zemax,21.6,2.8,35,Konica Minolta Hexanon 35mm F2.8
US004176913_Example02_Tale31,zemax,22.1,2,200,Nikon AI Nikkor 200mm f/2S IF-ED
US004192577_Example01P,zemax,21.6,3.5,135,Konica Minolta 50-135mm F3.5 MD Zoom
US004206971 Example01P,zemax,21.6,,afocal,Nikon TC-14
US004206971 ExampleMLP,zemax,21.6,2,200,Nikon Nikkor 200mm f/2 IF-ED
US004210388 Example01P,zemax,21.6,2,21,Olympus Zuiko Auto-W 21mm F2
US004214816 Example01P,zemax,21.6,2.8,135,Konica Minolta 135mm F2.8 MD
US004234242_Example03_Tale60,zemax,21.6,1.8,50,Nikon AI Nikkor 50mm f/1.8S
US004241983 Example01P,zemax,21.6,4.5,500,Canon FD500mm f4.5L
US004251133 Example03P,zemax,21.6,4,300,Canon FD300mm f4L
US004260223_Example01P,zemax,21.6,2.8,55,Nikon Micro-Nikkor 55mm f/2.8
US004266860_Example02P,zemax,21.6,3.5,35,Nikon AI Zoom-Nikkor 35-70mm f/3.5
US004277149_EXAMPLE07P,zemax,21.6,2,45,Konica Minolta 45mm F2 MD Rokkor
US004289385_Example01P,zemax,10.2,2.8,50,Ricoh Pentax-110 50mm F2.8
US004293197_Example01P,zemax,21.6,4,300,Ricoh smc Pentax-M 300mm F4
US004303312_Example01P,zemax,21.6,3.5,70,Zeiss Vario-Sonnar T 3.5/70-210
US004303314 Example01_Tale80,zemax,21.6,2.8,100,Nikon Series E 100mm f/2.8
US004303314_Example03_Tale76,zemax,21.6,2.8,135,Nikon Series E 135mm f/2.8
US004324458 Example03P,zemax,21.6,5.6,300,Canon FD300mm f5.6 SSC
US004333714 Example01P,zemax,21.6,2.8,28,Vivitar MC 28mm f2.8
US004338001_Example02_Tale10,zemax,21.6,2.8,180,Nikon AI Nikkor 180mm f/2.8 ED
US004392724_Example01P,zemax,21.6,2.8,105,Nikon AI Micro-Nikkor 105mm f/2.8S
US004396256_Example01P,zemax,21.6,1.4,85,Nikon AI Nikkor 85mm f/1.4S
US004435049 Example05P,zemax,21.6,2,100,Olympus Zuiko Auto-T 100mm F2
US004437734_Example01_Tale69,zemax,21.6,4,120,Nikon Medical-Nikkor 120mm f/4 IF
US004447137_Example02P,zemax,21.6,1.8,135,Ricoh smc Pentax-A 135mm F1.8
US004448497_Example01P,zemax,21,1.4,50,Nikon Nikkor 50mm f/1.4
US004457596_Example01_Tale33,zemax,21.6,2.8,35,"Nikon ""Pikaichi"" L35AF 35mm f/2.8"
US004477153_Example01P,zemax,21.6,3.5,20,Canon FD20-35mm f3.5L Aspherical
US004487485 Example01P,zemax,37.5,2.8,45,Ricoh SMC Pentax 645 A 45mm f2.8
US004493536 Example01P,zemax,21.6,2.8,28,Konica Minolta 28mm F2.8 MD v2
US004514051 Example01P,zemax,21.6,,afocal,Nikon TC-14A (rear converter)
US004514051 ExampleML01P,zemax,21.6,2.8,180,Nikon Nikkor 180mm f/2.8 ED
US004514051 ExampleML02P,zemax,21.6,1.8,50,Nikon AI Nikkor 50mm f/1.8
US004545654_Example05P,zemax,21.6,2.8,400,Ricoh smc Pentax-A 400mm F2.8 ED [IF]
US004550987_Example01P,zemax,21.6,4,200,Ricoh smc Pentax-A 200mm F4
US004560253_Example02P,zemax,21.6,4,70,Konica Minolta AF 35-70mm F4
US004568150_Example04P,zemax,21.6,4,65,Olympus Zuiko Auto-Zoom 65-200mm F4
US004621909_Example03_Tale16,zemax,21.6,1.2,50,Nikon AI Nikkor 50mm f/1.2S
US004660940 Example03P,zemax,44.8,4,55,Ricoh smc Pentax 6x7 55mm f4
US004666260_Example01P,zemax,21.6,4,200,Ricoh smc Pentax-A 200mm F4 Macro ED
US004673258_Example01P,zemax,21.6,4.5,100,Konica Minolta AF 100-200mm F4.5
US004690513_Example04P,zemax,21.6,3.5,35,Canon EF35-135mm f3.5-4.5
US004690517_Example01P,zemax,21.6,2.8,20,Nikon AF Nikkor 20mm f/2.8D
US004708445 Example06P,zemax,21.6,2,50,Olympus Zuiko Auto-Macro 50mm F2
US004728179 ExampleMLP,zemax,21.6,1.8,50,Olympus Zuiko Auto-S 50mm F1.8
US004732459_Example04P,zemax,21.6,2,300,Nikon Nikkor 300mm f/2 ED-IF
US004764000_EXAMPLE08P,zemax,21.6,2.8,100,Konica Minolta AF 100mm F2.8 Macro
US004770509_Example04P,zemax,21.6,3.3,35,Nikon AF Zoom-Nikkor 35-70mm f/3.3-4.5
US004770516_Example05P,zemax,21.6,2.8,100,Ricoh smc Pentax-F 100mm F2.8 Macro
US004792215_Example03P,zemax,21.6,4,35,Ricoh Pentax-A 35-70mm f4
US004792219_Example03P,zemax,21.6,2,90,Olympus Zuiko Auto-Macro 90mm F2
US004793698_Example01P,zemax,21.6,2.8,135,Ricoh smc Pentax-F 135mm F2.8 [IF]
US004806003_EXAMPLE02P,zemax,21.6,1.4,35,Konica Minolta AF 35mm F1.4
US004826301 Example04P,zemax,21.6,2.8,135,Canon EF135mm f2.8 Soft Focus
US004904070_Example01P,zemax,21.6,4,600,Ricoh smc Pentax-FA 600mm F4ED[IF]
US004908639_Example02_Tale32,zemax,21.6,2,135,Nikon AI AF DC Nikkor 135mm F2S
US004923292_Example02P,zemax,21.6,2.8,50,Ricoh smc Pentax-D FA Macro 50mm F2.8
US004934797_Example03P,zemax,21.6,2,24,Ricoh smc Pentax-FA 24mm F2 AL [IF]
US004948236 Example03P,zemax,44.8,3.5,120,Ricoh smc Pentax 6x7 120mm f3.5 Soft focus
US004986643_Example05_Tale72,zemax,21.6,2.8,105,Nikon AI AF Micro-Nikkor 105mm f/2.8S
US005000550_Example01P,zemax,21.6,2.8,20,Canon EF20-35mm f2.8L
US005144488_Example01P,zemax,21.6,4,35,Canon EF35-135mm f4-5.6 USM
US005161060 Example01P,zemax,21.6,1.4,35,Leica Summilux-M 35mm F1.4 Asph v1
US005233474_Example01P,zemax,21.6,2.8,28,Ricoh smc Pentax-FA 28mm F2.8 AL
US005249079_Example01P,zemax,21.6,3.5,35,Konica Minolta 35-135mm F3.5-4.5 MD Zoom
US005257137 Example01P,zemax,21.6,2.8,50,Nikon R-UW AF Micro-Nikkor 50mm f/2.8
US005267086_Example01P,zemax,21.6,2.8,85,Ricoh smc Pentax-F 85mm F2.8 Soft
US005325234_Example03P,zemax,21.6,2.8,200,Ricoh smc Pentax-DA 200mm F2.8 ED[IF] SDM
US005434713_Example02_Tale53,zemax,21.6,2.8,16,Nikon AI AF Fisheye-Nikkor 16mm f/2.8D
US005490012_Example01P,zemax,21.6,2.8,20,Nikon R-UW AF Zoom-Nikkor 20-35mm f/2.8
US005557473_Example03P,zemax,21.6,2.8,28,Nikon AF Nikkor 28mm f/2.8D
US005579169 Example01P,zemax,21.6,2.8,13,Nikon R-UW AF Fisheye-Nikkor 13mm f/2.8
US005640277_Example01_Tale41,zemax,21.6,1.4,85,Nikon AF Nikkor 85mm f/1.4D IF
US005710669_Example11P,zemax,21.6,2.8,17,Canon EF17-35mm f2.8L USM
US005751485_Example01P,zemax,21.6,2.8,60,Nikon AF Micro-Nikkor 60mm f/2.8D
US005822132_Example01P,zemax,21.6,2.8,28,Ricoh smc Pentax-FA 28mm F2.8 Soft
US00583336-2-scaled,zemax,22.5,4.5,50,double gauss - original patent
US005899585_Example01P,zemax,21.6,3.5,28,Canon EF28-80mm f3.5-5.6 II
US006061180_Example01P,zemax,21.6,3.5,28,Canon EF28-135mm f3.5-5.6 IS USM
US006115188_Example01P,zemax,21.6,2.8,300,Canon EF300mm f2.8L IS USM
US006115188_Example22P,zemax,21.6,4,600,Canon EF600mm f4L IS USM
US006115188_Example24P,zemax,21.6,4,500,Canon EF500mm f4L IS USM
US006239919_Example04P,zemax,21.6,2.8,400,Nikon AF-S Nikkor 400mm f/2.8D IF-ED II
US006359739_Example05P,zemax,21.6,4,200,Ricoh smc Pentax-FA 200mm F4 Macro ED [IF]
US006384987 Example05P,zemax,21.6,2,35,Ricoh smc Pentax-FA 35mm F2 AL
US006560042_Example03P,zemax,21.6,1.8,31,Ricoh smc Pentax-FA 31mm F1.8 AL Limited
US007161746_Example09P,zemax,14.2,2.8,10.5,Nikon AF Fisheye-Nikkor 10.5mm f/2.8G ED
US007218457_Example03P,zemax,21.6,2.8,105,Nikon AF-S Micro-Nikkor 105mm f/2.8G VR
US007408719_Example01P,zemax,11.4,2,150,Olympus Zuiko Digital ED 150mm F2.0
US007411746_Example01P,zemax,14.2,3.2,21,Ricoh HD Pentax-DA 21mm F3.2 Limited
US007542219_Example01P,zemax,15.3,2.4,70,Ricoh HD Pentax-DA 70mm F2.4 Limited
US007656591_Example01P,zemax,29.3,2.8,45,Nikon PC-E Micro-Nikkor 45mm f/2.8D ED
US007706085_Example01P,zemax,11.2,2.8,25,Olympus Zuiko Digital 25mm F2.8
US007715116_Example07P,zemax,21.6,4,300,Ricoh smc Pentax-DA 300mm F4 ED[IF] SDM
US007715117_Example01P,zemax,21.6,1.4,24,Canon EF24mm f1.4L II USM
US007715118_Example01P,zemax,14.2,2.8,35,Ricoh HD Pentax-DA 35mm F2.8 Macro Limited
US007864451_Example01P,zemax,21.6,2.8,100,Canon EF100mm f2.8L Macro IS USM
US007898744_Example02P,zemax,"21,6",2.8,60,Nikon AF-S Micro-Nikkor 60mm f/2.8G ED
US008203795_Example05P,zemax,14.8,2.8,60,Samsung 60mm F2.8 Macro ED SSA OIS
US008416512_Example03P,zemax,21.6,1.4,24,Nikon AF-S Nikkor 24mm f/1.4G ED
US008508864_Example02P,zemax,15.6,27,40,Leica Summilux C 40mm T1.4
US008755132_Example01P,zemax,11.45,2.8,17,Olympus M.Zuiko 17mm F2.8
US008767319_Example01P,zemax,21.6,1.4,85,Nikon AF-S Nikkor 85mm f/1.4G
US008854747_Example01P,zemax,13.6,2,22,Canon EF-M22mm f2 STM
US008879901_Example03P,zemax,NA,NA,NA,Metabones Canon EF Lens to Sony E Mount T Speed Booster Ultra 0.71x
US008879901_Example04P,zemax,NA,NA,NA,Metabones M43 Speed Booster 0.71x
US008879901_Example04PP,zemax,10.8,1.2,50,Nikon AI Nikkor 50mm f/1.2S with Metabones M43 Speed Booster 0.71x
US008970966_Example02P,zemax,21.6,2.8,40,Canon EF40mm f2.8 STM
US009063253_Example01P,zemax,21.6,2.8,90,Tamron SP 90mm F/2.8 Di Macro 1:1 VC USD
US010048474_Example01P,zemax,11.15,2.8,60,Olympus M.Zuiko ED 60mm F2.8 Macro
US010073255_Example04P,zemax,10.8,1.2,17,Olympus M.Zuiko ED 17mm F1.2 Pro
US010107992_Example04P,zemax,10.8,4,300,Olympus M.Zuiko ED 300mm F4.0 IS Pro
US010168507 Example04P,zemax,14.2,2,50,Fujifilm Fujinon XF50mm F2 R WR
US010191254 Example10P,zemax,21.63,2,28,Sony FE 28mm F2
US010571651 Example01P,zemax,33.63,2.8,50,Canon TS-E50mm f2.8L Macro
US01786916-1,zemax,20.8,1.5,59,double gauss
US01998704-1,zemax,9.1,3.3,25,Cox Example 4-02
US02012822-1,zemax,8.12,2.2,25,Cox Example 4-03
US02019985-1,zemax,0.359,2,1,"double gauss, Wikipedia reference"
US02029806-1,zemax,6.23,2.4,25,Cox Example 4-03
US02031792-2,zemax,25,12.5,25,"Symmetric, Cox example 3-02"
US02076190-1,zemax,3.51,2.7,25,Petzval/ Cox Example 5-01
US02084714-1,zemax,0.362,3.5,1,modified triplet
US02105799-1,zemax,11.13,4.9,25,"Modified triplet, Cox Example 4-08"
US02106077-1,zemax,10.1,4.5,25,"Double-gauss variant, Cox example 3-03"
US02116264-1,zemax,27.77,10,25,"Nearly symmetric, Cox example 3-04"
US02117252-1,zemax,10.1,3.4,25,"Double-gauss, Cox example 3-05"
US02124301-1,zemax,9.1,4.9,25,Cox Example 4-09
US02124356-1,zemax,11.13,3,25,Cox Example 4-10
US02126126-1,zemax,567.13,16.7,100,Zeiss. Cox example 9-01
US02130760-1,zemax,0.359,2.2,1,double gauss
US02158179-1,zemax,6.23,4,25,Cox example 5-02
US02158201-1,zemax,8.12,5.6,25,Cox example 5-03
US02158202-1,zemax,4.86,2.2,25,Petzval/ Cox Example 5-04
US02158507-1,zemax,4.23,12,24,Cox example 1-07
US02164028-1,zemax,5.31,4,25,Cox Example 4-13
US02165328-1,zemax,12,3.8,62,modified triplet
US02170428-1,zemax,9.1,2.7,25,Cox Example 4-15
US02171274-1,zemax,4.41,6.6,25,Cox Example 4-16
US02171274-2,zemax,5.31,10,25,Cox Example 4-17
US02171640-1,zemax,9.1,3.1,25,"Double-gauss variant, Cox example 3-07"
US02171641-1,zemax,9.6,3.2,25,"Double-gauss variant, Cox example 3-08"
US02186621-2,zemax,11.13,3,25,Cox Example 4-18
US02186622-1,zemax,14.43,4.9,25,Cox Example 4-19
US02187780-1,zemax,5.31,2.5,25,Petzval. Cox Example 5-05
US02194413-1,zemax,8.12,3.3,25,"Double-gauss, Cox example 3-09"
US02194413-1(1),zemax,76,2,200,double gauss
US02250337-1,zemax,11.13,3.1,25,"Double-gauss, Cox example 3-10"
US02252681-1,zemax,8.12,3.5,25,"Double-gauss, Cox example 3-11"
US02252682-1,zemax,8.12,3.4,25,"Double-gauss, Cox example 3-12"
US02254511-1,zemax,12.74,3,25,Cox Example 4-22
US02259004-1,zemax,10.1,3.1,25,Cox Example 4-23
US02270234-1,zemax,8.12,4.5,25,"Triplet, Cox Example 4-24"
US02288502-1,zemax,11.66,6.3,25,"Modified triplet, Cox Example 4-25"
US02297452-1,zemax,5.31,2.4,25,Cox Example 4-26
US02298090-1,zemax,9.6,4.7,25,Cox Example 4-27. Material on 3rd element?
US02310502-1,zemax,8.12,3.2,25,Cox Example 4-28
US02325275-1,zemax,22.51,8.9,25,"Symmetric, Cox example 3-14"
US02336207-1,zemax,8.12,2.9,25,"Double-gauss variant, Cox example 3-15"
US02336300-1,zemax,14.43,4.9,25,Cox Example 4-29
US02338614-1,zemax,13.29,8.3,25,Cox Example 4-30
US02343385-1,zemax,9.6,5.4,25,Cox example 7-02
US02343629-1,zemax,13.29,6.3,25,Cox Example 4-31
US02346062-1,zemax,9.6,10,25,"Double-gauss variant, Cox example 3-17"
US02348667-1,zemax,10.1,3.9,25,"Double-gauss variant, Cox example 3-18"
US02350035-1,zemax,9.1,2.8,25,"Double-gauss variant, Cox example 3-19"
US02363712-1,zemax,9.6,4.7,25,Cox Example 4-35
US02379392-1,zemax,13.29,3,25,"Double-gauss variant, Cox example 3-20"
US02380207-1,zemax,8.12,10,25,Cox example 6-03
US02382669-1,zemax,5.31,10,25,Cox example 6-04
US02391209-1,zemax,29,2,49.7,double gauss
US02391209-1(1),zemax,14.43,4.3,25,"Double-gauss, Cox example 3-22"
US02397714-2,zemax,9.6,5.4,25,Cox example 3-22
US02416443-1,zemax,9.6,4.7,25,Cox Example 4-39
US02417736-1,zemax,9.6,10,25,"Modified triplet, Cox Example 4-40"
US02418001-1,zemax,13.29,5,25,"Symmetric, Cox example 3-24"
US02430548-1,zemax,14.43,7.6,25,"Double-gauss, Cox example 3-25"
US02432387-1,zemax,9.6,3.3,25,Cox Example 4-41
US02437505-1,zemax,4.86,6.6,25,Cox example 6-05
US02441093-2,zemax,5.31,10.4,25,Cox example 6-06
US02443156-1,zemax,6.7,8.3,25,Cox Example 4-42
US02452909-1,zemax,3.96,10,25,"Telephoto, Cox example 4-45"
US02458636-1,zemax,5.77,7.6,25,Cox example 6-07
US02466424-1,zemax,14.43,5.2,25,"Double-gauss, Cox example 3-26"
US02466424-2,zemax,14.43,4.7,25,"Double-gauss, Cox example 3-27"
US02475938-1,zemax,14.43,8.3,25,"Double-gauss, Cox example 3-28"
US02487749-1,zemax,9.1,3.3,25,"Double-gauss, Cox example 3-29"
US02499264-2,zemax,11.13,3.8,25,"Double-gauss, Cox example 3-30"
US02502508-1,zemax,8.12,5,25,"Modified triplet, Cox example 4-48"
US02518719-1,zemax,20.98,10,25,"Near-symmetic, Cox example 3-31"
US02528212-1,zemax,9.6,3.3,25,Cox example 4-51
US02532751-1,zemax,0.359,2.2,1,double gauss - poor field curvature
US02532752-1,zemax,11.13,3.6,25,"Double-gauss, Cox example 3-33"
US02536508-1,zemax,9.6,2.7,25,Cox example 4-52
US02541484-1,zemax,6.7,2.5,25,Petzval. Cox Example 5-06
US02548569-1,zemax,23,2,50,inverse telephoto
US02548569-1(1),zemax,11,2,25,
US02559875-1,zemax,14.43,6.3,25,"Double-gauss, Cox example 3-35"
US02562012-1,zemax,14.43,6.3,25,Cox example 4-54
US02574995-1,zemax,14.43,3.7,25,Cox example 4-55
US02576436-1,zemax,5.77,8.9,25,Cox example 6-09
US02586866-8,zemax,3.96,2.2,25,"CRT Projector, negative BFL, Cox example 4-57"
US02594020-1,zemax,9.6,4.2,25,Telecentric. Cox example 7-04
US02600207-3,zemax,9.6,2.7,25,"Double-gauss, Cox example 3-36"
US02600208-1,zemax,9.6,4.7,25,Cox example 4-58
US02600610-1,zemax,9.6,2.8,25,Cox example 4-59
US02601367-1,zemax,6.7,4.2,25,Cox example 4-60
US02601369-1,zemax,0.26,2.8,1,modified triplet
US02601592-1,zemax,14.43,6.6,25,"Double-gauss, Cox example 3-37"
US02601593-1,zemax,14.43,6.6,25,"Double-gauss, Cox example 3-38"
US02601594-1,zemax,14.43,5.8,25,"Double-gauss, Cox example 3-39"
US02601805-1,zemax,21,2,200,double gauss
US02601805-1(1),zemax,9.1,2.8,25,"Double-gauss, Cox example 3-40"
US02604013-1,zemax,2.63,1.7,25,Cox example 4-62
US02614461-1,zemax,4.89,3.2,23,"Double-gauss, Cox example 3-41"
US02622478-1,zemax,12.74,3.2,25,"Double-gauss, Cox example 3-42"
US02622479-1,zemax,9.6,4.5,25,Cox example 4-63
US02622480-1,zemax,14.43,5.6,25,Cox example 4-64
US02623434-1,zemax,16.24,5.4,25,Double Gauss variant. Cox example 4-65
US02627204-2,zemax,12.19,3.6,25,"Double-gauss, Cox example 3-43"
US02627205-3,zemax,11.66,3.6,25,"Double-gauss, Cox example 3-44"
US02629285-1,zemax,5.31,8.3,25,Cox example 6-10
US02641966-1,zemax,11.13,3.5,25,"Double-gauss, Cox example 3-47"
US02645156-1,zemax,13.29,6.6,25,Double Gauss variant. Cox example 4-66
US02645157-1,zemax,11.13,5.4,25,Triplet. Cox example 4-67
US02645973-1,zemax,8.12,3,25,"Double-gauss, Cox example 3-49"
US02645974-1,zemax,16.24,6.8,25,"Double-gauss, Cox example 3-50"
US02645975-1,zemax,9.1,4.3,25,"Double-gauss, Cox example 3-51"
US02646721-1,zemax,11.13,3.1,25,"Double-gauss, Cox example 3-52"
US02662447-1,zemax,11.13,3.1,25,"Double-gauss, Cox example 3-54"
US02663221-1,zemax,9.6,5.4,25,Cox example 4-70
US02670659-2,zemax,14.43,8.3,25,"Double-gauss, Cox example 3-55"
US02671380-1,zemax,12.19,6.4,25,"Double-gauss, Cox example 3-56"
US02673491-1,zemax,21,2,50,double gauss
US02676517-1,zemax,12.76,6.3,24,"Double-gauss, Cox example 3-58"
US02677989-1,zemax,14.43,4.5,25,"Double-gauss, Cox example 3-59"
US02682198-1,zemax,10.1,3.3,25,"Double-gauss, Cox example 3-61"
US02683396-1,zemax,11.66,3.3,25,"Double-gauss, Cox example 3-62"
US02687063-1,zemax,9.1,3.3,25,"Double-gauss, Cox example 3-63"
US02687064-1,zemax,9.6,4.7,25,Cox example 4-72
US02696758-1,zemax,16.24,7.8,25,Cox example 7-06
US02701982-1,zemax,8.12,2.3,25,"Double-gauss, Cox example 3-64"
US02718174-1,zemax,9.6,2.4,25,Double Gauss variant. Cox example 4-73
US02720139-1,zemax,13.29,3.5,25,"Double-gauss variant, Cox example 3-65"
US02720814-1,zemax,6.7,4.5,25,Triplet. Cox example 4-74
US02720816-1,zemax,8.12,4.7,25,Triplet. Cox example 4-75
US02721499-3,zemax,18.16,5.4,25,Cox example 9-04
US02721501-1,zemax,9.6,4.7,25,Triplet. Cox example 4-76
US02724992-1,zemax,9.6,4.9,25,Triplet. Cox example 4-77
US02724994-1,zemax,13.29,4.7,25,"Double-gauss variant, Cox example 3-66"
US02730015-1,zemax,20.98,8.9,25,"Double-gauss variant, Cox example 3-67"
US02730017-1,zemax,6.7,8.9,25,Cox example 6-12
US02731884-1,zemax,9.6,4.9,25,Triplet. Cox example 4-78
US02732762-1,zemax,9.1,4.9,25,Triplet. Cox example 4-79
US02733636-1,zemax,14.43,4.5,25,"Double-gauss variant, Cox example 3-68"
US02736234-1,zemax,5.31,4.5,25,Triplet. Cox example 4-80
US02744447-2,zemax,14.43,4.7,25,"Double-gauss variant, Cox example 3-69"
US02750839-1,zemax,11.66,5.4,25,Modified triplet. Cox example 4-81
US02760406-1,zemax,8.12,3.7,25,Modified triplet. Cox example 4-83
US02760406-1(1),zemax,30,2,102,
US02764062-1,zemax,12.74,5.4,25,Modified triplet. Cox example 4-84
US02771006-1,zemax,8.12,2.4,25,"Double-gauss, Cox example 3-70"
US02771817-1,zemax,9.6,4.7,25,"Double-gauss, Cox example 3-71"
US02772601-2,zemax,16.24,5.6,25,Cox example 7-08
US02774280-1,zemax,12.74,6.3,25,"Double-gauss variant, Cox example 3-72"
US02777363-1,zemax,8.12,2.7,25,"Double-gauss variant, Cox example 3-73"
US02777363-1(1),zemax,0.25,2,1,double gauss
US02784643-1,zemax,11.13,3,25,"Double-gauss variant, Cox example 3-74"
US02785602-1,zemax,1.66,4.2,19,Cox example 1-09
US02792749-1,zemax,18.16,6.6,25,"Double-gauss variant, Cox example 3-75"
US02793565-1,zemax,14.43,4.9,25,Cox example 7-09
US02799207-1,zemax,9.6,4.7,25,"Double-gauss variant, Cox example 3-76"
US02799207-3,zemax,9.1,5,25,"Double-gauss variant, Cox example 3-77"
US02807983-2,zemax,7.17,3.3,25,"Double-gauss variant, Cox example 3-78"
US02810322-1,zemax,6.7,10,25,Cox example 6-13
US02818776-1,zemax,14.43,4.1,25,"Double-gauss variant, Cox example 3-79"
US02818777-1,zemax,10.1,5.4,25,Triplet. Cox example 4-86
US02824492-3,zemax,5.31,4.9,25,Cox example 6-14
US02824493-2,zemax,6.7,4.1,25,Cox example 12-02
US02824494-1,zemax,12.74,3.3,25,Schneider double gauss. Cox example 12-03
US02824495-1,zemax,16.24,8.3,25,"Schneider cine lens, Cox example 7-10"
US02826116-1,zemax,13.29,4.6,25,"Double-gauss variant, Cox example 3-80"
US02827835-1,zemax,2.63,3,25,Petzval. Cox Example 5-09
US02828671-1,zemax,13.29,2.2,25,"Double-gauss variant, Cox example 3-81"
US02833181-1,zemax,5.31,8.3,25,Cox example 6-15
US02845845-1,zemax,29.79,10,25,"Symmetric, Cox example 3-85"
US02849918-1,zemax,16.24,6.6,25,Cox example 7-12
US02850945-1,zemax,2.63,5,25,Cox example 1-10
US02854889-1,zemax,12.74,4.9,25,Modfied riplet. Cox example 4-86
US02861500-1,zemax,5.31,2.5,25,Cox example 4-88
US02862418-1,zemax,6.7,4,25,Cox example 7-13
US02892381-1,zemax,11.13,5.8,25,"Symmetric, Cox example 3-87"
US02894431-1,zemax,8.12,2.3,25,Double-gauss Cox example 3-88
US02895379-1,zemax,6.7,3.3,25,Double-gauss Cox example 3-89
US02896506-1,zemax,15.62,3.2,25,Double-gauss Cox example 3-90
US02897723-1,zemax,7.64,7.6,25,Double-gauss Cox example 3-91
US02897724-1,zemax,11.13,1.9,25,"Double-gauss, telecentric, Cox example 3-92"
US02906173-1,zemax,8.12,8.3,25,Cox example 6-16
US02906174-1,zemax,12.74,4.9,25,"Double-gauss, Cox example 3-93"
US02920528-1,zemax,9.6,3.3,25,"Double-gauss, Cox example 3-94"
US02959100-1,zemax,14.43,4.5,25,Cox example 7-14
US02959100-2,zemax,14.43,4.9,25,Cox example 7-15
US02959102-1,zemax,0.58,2.5,1,double gauss
US02967459-1,zemax,18.16,7.6,25,"Double-gauss, Cox example 3-96"
US02968221-1,zemax,16.24,4.9,25,"Double-gauss, Cox example 3-97"
US02983192-1,zemax,14.43,3.5,25,"Double-gauss, Cox example 3-98"
US02991696-1,zemax,8.12,2.4,25,Cox example 4-89
US02995980-1,zemax,9.1,4.6,25,Modified triplet. Cox example 4-90
US03005379-1,zemax,9.1,3,25,"Double-gauss, Cox example 3-99"
US03006249-1,zemax,21,2,37,double gauss
US03012476-1,zemax,36,2,100,double gauss - off-axis problems
US03018688-1,zemax,9.1,4.5,25,Cox example 4-91
US03023671-2,zemax,14.43,3.3,25,"Double-gauss, Cox example 3-102"
US03029698-1,zemax,12.74,3.3,25,"Double-gauss, Cox example 3-103"
US03030860-1,zemax,9.1,4.7,25,Cox example 7-16
US03033081-1,zemax,5.5,3.6,25.4,
US03038380-1,zemax,14,7.7,25,double gauss
US03043193-1,zemax,9.4,3,25,double gauss
US03045547-1,zemax,12.5,1.4,28,
US03451745-1,zemax,37,1.5,100,"double gauss, Wikipedia reference"
US03515462-1,zemax,127,4.2,100,fisheye: +-90 deg FOV
US03524697-1,zemax,17,6,10,fisheye: +-110 deg FOV
US03524697-2,zemax,22,5.6,10,fisheye
US03560079-1,zemax,21,2,50,double gauss
US03737214-1,zemax,16.5,3,9,fisheye: +-110 deg FOV
US03741630-1,zemax,1.41,3,1,fisheye: +-90 deg FOV
US03850509-1,zemax,0.57,3.5,0.48,fisheye: +-90 deg FOV
US03887269-1,zemax,21.7,11,925,
US03915558-1,zemax,21.7,1.5,40,
US03994576-1,zemax,21.7,1.5,45,
US03997248-1,zemax,21.7,2,100,
US04013349-1,zemax,21.7,4,25,
US04099843-1,zemax,21.7,1.2,55,
US04099849-2,zemax,21,2.2,29,
US04136931-1,zemax,21.7,1.5,37,
US04182550-1,zemax,41,1.4,100,double gauss
US04235519-1,zemax,56,2,96,
US04251133-1,zemax,0.074,4,1,
US04273415-1,zemax,14,4.8,50,double gauss
US04331391-1,zemax,76,4.9,75,
US04364644-1,zemax,21,2,50,double gauss
US04390250-1,zemax,21.7,2.9,33,
US04396255-1,zemax,21,2,40,double gauss (Laikin reference)
US04403836-1,zemax,4.4,7,100,catadioptric
US04412726-1,zemax,1.35,2.9,1,fisheye: +-90 deg FOV
US04426137-1,zemax,15,2.5,100,double gauss (Laikin reference)
US04431273-1,zemax,17.8,2.8,12,
US04443068-1,zemax,14,6,590,catadioptric
US04443070-1,zemax,21,2,100,double gauss (Laikin reference)
US04447137-1,zemax,21,2,134,
US04448497-1,zemax,41,1.4,100,double gauss (Laikin reference)
US04483597-1,zemax,15,2,200,
US04514052-1,zemax,41,2,100,double gauss
US04553823-1,zemax,21.7,2,52,
US04556295-1,zemax,21,4.2,195,
US04621909-1,zemax,21.7,1.5,51,
US04647161-1,zemax,20,3.7,15,
US04666259-1,zemax,21,7,495,catadioptric
US04666260-2,zemax,11,4,200,
US04709998-1,zemax,12,3.7,100,
US04717245-2,zemax,21.6,1,50,Canon EF50mm f/1.0L USM
US04786152-1,zemax,11,2.9,100,
US04786153-1,zemax,21,2.9,51,macro
US04807983-1,zemax,21.7,2.7,50,
US04852984-1,zemax,25,1.4,100,
US04852984-2,zemax,21,1.9,295,
US04923292-1,zemax,21.7,2.9,50,
US04934797-1,zemax,21.7,2.1,36,
US04951078-1,zemax,21,7,500,catadioptric
US04966449-1,zemax,21,6,233,
US04978205-1,zemax,21.7,2.9,297,
US04986643-1,zemax,21.7,2.9,104,
US04991946-1,zemax,61,20,,
US05315441-1,zemax,21.7,1.5,39,macro
US05321554-4,zemax,18,2.9,15,inverse telephoto
US05323270-1,zemax,21.7,3.7,394,macro
US05323270-5,zemax,21.7,4,600,macro
US05325234-1,zemax,21.7,3,195,macro
US05331467-1,zemax,21,7.5,1000,catadioptric
US05402268-1,zemax,21,4,200,
US05434713-1,zemax,21.7,3,15,macro
US05438455-1,zemax,21,3,400,
US05490014-1,zemax,21,2.8,195,
US05557473-1,zemax,21,2.8,28,
US05579160-2,zemax,21.7,4,294,macro
US05589988-1,zemax,21.7,1.9,35,macro
US05589988-4,zemax,21.7,1.5,28,macro
US05598299-1,zemax,21.7,2.9,100,
US05610769-1,zemax,21,4.2,590,macro
US05623371-1,zemax,21.7,5,55,
US05627685-1,zemax,21,3,295,
US05631780-1,zemax,22,2.8,24,wide angle
US05631780-3,zemax,19,1.8,24,wide angle
US05631780-4,zemax,21,1.8,24,wide angle
US05724195-1,zemax,3,0.9,2.9,
US05737129-1,zemax,21,7,68,
US05745306-1,zemax,21.7,2.9,295,
US05745306-2,zemax,21,4.1,495,
US05745306-3,zemax,21.7,6.3,496,
US05757555-1,zemax,21.7,4.1,295,
US05757555-6,zemax,21,4,392,
US05805359-1,zemax,21.7,2.9,27,macro
US05808808-1,zemax,21.7,2.9,16,
US05909319-3,zemax,21,4,200,
US05917663-1,zemax,21,2.9,29,
US05917663-2,zemax,21,2.9,28,
US05920436-1,zemax,23,1,24,double gauss (Laikin reference)
US05930056-1,zemax,25,4.6,68,double gauss
US05946136-1,zemax,21.7,2.9,61,macro
US06038085-1,zemax,1,1.3,1,#ERROR!
US06115188-1,zemax,21,3,295,
US06115188-10,zemax,21,4,490,
US06115188-15,zemax,21,4.2,590,
US06115188-22,zemax,21,4.1,585,
US06115188-7,zemax,21,3,392,
US06154324-1,zemax,35,3.8,123,
US06239919-2,zemax,21.7,2.9,588,macro
US06317275-1,zemax,33.4,2.9,148,
US06366412-1,zemax,51,6.8,100,double gauss
US06384975-1,zemax,21,3,133,
US06476982-1,zemax,3.4,2,5.7,4-element mobile imaging
US06549343-1,zemax,21,1.8,95,
US06560042-2,zemax,21.7,1.9,31,
US06580568-1,zemax,34,5.7,292,
US06844991-1,zemax,14,2.9,10,fisheye: +-90 deg FOV
US06891684-1,zemax,21.7,2.9,50,"macro, internal focus"
US06894847-1,zemax,34,3.6,35,
US06917479-1,zemax,2.5,2.8,4.6,4-element mobile imaging
US06927926-1,zemax,12,2.9,300,
US07023628-1,zemax,2..5,2,1.7,fisheye
US07054076-1,zemax,3.6,3.3,10,double gauss
US07057831-1,zemax,21.7,4.2,360,
US07061695-1,zemax,3,3,5,3-element mobile imaging
US07095571-1,zemax,3,3,3.8,3-element mobile imaging
US07154681-1,zemax,2.8,2.8,8.1,4-element mobile imaging
US07161746-1,zemax,14,2.9,10,fisheye: +-90 deg FOV
US07164544-1,zemax,21.7,4.2,300,
US07173776-1,zemax,4.38,1.9,2.95,fisheye: +-90 deg FOV
US07190532-1,zemax,2.9,2.9,4.6,4-element mobile imaging
US07196855-1,zemax,2.8,2.8,3.6,3-element mobile imaging
US07218457-1,zemax,21.7,2.9,105,macro
US07239455-1,zemax,34,4.7,292,
US07286303-1,zemax,21.7,2.8,45,
US07411745-2,zemax,21,2,195,
US07474478-1,zemax,2.8,2.8,4.8,4-element mobile imaging
US07551367-1,zemax,21.7,1.5,24,
US07554753-1,zemax,8.3,2.9,10,fisheye: +-90 deg FOV
US07558005-1,zemax,2.9,2.9,4.5,4-element mobile imaging
US07583441-1,zemax,21.7,2.8,57,macro
US07586693-1,zemax,21.7,2.9,400,
US07633690-1,zemax,2.9,2.9,3.6,4-element mobile imaging
US07636205-1,zemax,2.6,2.4,3.6,
US07663815-1,zemax,4.7,2,8.1,4-element mobile imaging
US07688523-1,zemax,3.5,2.9,5.8,4-element mobile imaging
US07706087-1,zemax,21,1.5,51,double gauss
US07715116-2,zemax,21,6.7,215,
US07773305-1,zemax,1.8,3.2,1.66,#ERROR!
US07777974-2,zemax,21.7,3.2,60,macro
US07791825-1,zemax,35,6,99,relay
US07864451-1,zemax,21,2.9,100,macro
US07864452-1,zemax,7.1,5.6,6.2,fisheye
US07869141-1,zemax,2.3,2.1,1.65,fisheye: +-90 deg FOV
US07889441-1,zemax,3.5,2.7,4.9,4-element mobile imaging
US07898744-7,zemax,21.7,3.3,45,
US07944625-3,zemax,21.7,1.5,25,
US07957079-1,zemax,3.6,2.8,6.3,4-element mobile imaging
US07961406-1,zemax,2.2,2.8,3.2,4-element mobile imaging
US07969664-1,zemax,2.2,3,3.7,4-element mobile imaging
US07974016-1,zemax,2.8,3,3.9,4-element mobile imaging
US08000031-1,zemax,3.6,2.8,5.1,5-element mobile imaging
US08000032-1,zemax,2.6,4,7.1,4-element mobile imaging
US08004780-1,zemax,2.3,3.3,3.3,4-element mobile imaging
US08014080-1,zemax,3.5,2.1,4.75,4-element mobile imaging
US08027100-1,zemax,8.5,3.2,15,double gauss
US08031409-1,zemax,14,3.7,85,macro
US08068290-1,zemax,0.72,2.1,2.1,4-element mobile imaging
US08072695-1,zemax,3,2.6,4.6,54-element mobile imaging
US08089708-1,zemax,8.5,1.4,18,macro
US08102607-1,zemax,2.25,2.8,3.8,4-element mobile imaging
US08107174-4,zemax,21,3.8,24,
US08107174B2-2,zemax,21,3.8,24,
US08107175-1,zemax,14.2,2.8,18,
US08116013-2,zemax,1.66,2,1.8.,
US08116014-1,zemax,2.8,2.7,4.4,4-element mobile imaging
US08125719-1,zemax,2,2.8,3.6,4-element mobile imaging
US08130455-1,zemax,3.56,2.9,5.9,4-element mobile imaging
US08134787-1,zemax,1.8,2.4,0.83,
US08144405-1,zemax,1.8,2.9,0.7,
US08164678-1,zemax,2.2,3.5,3.5,4-element mobile imaging
US08169528-1,zemax,2.2,3,3.4,4-element mobile imaging
US08179470-1,zemax,2.3,2.8,3.7,4-element mobile imaging
US08179613-1,zemax,3.5,2.9,4.9,5-element mobile imaging
US08179615-1,zemax,2.9,2.4,4.1,5-element mobile imaging
US08179617-1,zemax,29,4,17,
US08203795-1,zemax,14.5,5.3,52,
US08223439-1,zemax,21.7,2.8,15,
US08233223-1,zemax,21,2.9,292,
US08238044-2,zemax,21.7,2.5,170,
US08294806-4,zemax,21.7,3,65,
US08305692-1,zemax,14.4,2,61,
US08411369-2,zemax,13.3,2.8,40,
US08416512-1,zemax,21.7,1.5,25,
US08422143-1,zemax,21.7,5.1,26,
US08427762-1,zemax,21.7,2.3,85,
US08427762-3,zemax,21.7,2,100,
US08427762-4,zemax,21.7,2.1,134,
US08427762-5,zemax,21.7,2.1,196,
US08427762-6,zemax,21.7,1.5,52,
US08427763-1,zemax,8.5,1.3,32,
US08427765-1,zemax,13.9,2,30,
US08456765-1,zemax,13,2.2,16.6,"front converter, 0.6X"
US08493664-1,zemax,21.7,2.9,55,
US08493664-2,zemax,21.7,2.9,58,
US08493664-6,zemax,21.7,2.9,60,
US08498065-1,zemax,21.7,1.5,52,
US08503096-1,zemax,11,1.5,25,
US08514500-1,zemax,2.7,2.7,4.1,5-element mobile imaging
US08547645-1,zemax,14,2.1,59,
US08605370-1,zemax,21.7,4,24,
US08625209-1,zemax,41,2.9,40,
US08638507-1,zemax,2.63,1.6,1.67,fisheye: +-90 deg FOV
US08670193-1,zemax,21.7,1.5,51,
US08681435-1,zemax,14.5,2.5,59,macro
US08699151-1,zemax,21.7,2.9,294,
US08717686-1,zemax,21.7,2,30,
US08721094-1,zemax,21.7,1.3,51,
US08767318-1,zemax,5.7,4.5,100,catadioptric
US08773783-1,zemax,21.7,1.3,85,
US08773783-2,zemax,21.7,1.8,83,
US08773783-3,zemax,21.7,2,132,
US08773783-4,zemax,21.7,1.5,50,
US08830298-1,zemax,1.7,2.5,1,#ERROR!
US08830599-1,zemax,21.7,2.6,18,
US08854747-1,zemax,13,2,21,macro
US08861085-1,zemax,21.7,2.9,28,
US08867146-1,zemax,21.7,3,36,
US08867147-1,zemax,21.7,1.9,18,
US08934179-1,zemax,2.7,2.2,4,5-element mobile imaging
US08934179-2,zemax,2.8,2.2,4.1,5-element mobile imaging
US08934179-3,zemax,2.8,2.2,4.1,5-element mobile imaging
US08934179-4,zemax,2.8,2.2,4.1,5-element mobile imaging
US08934182-1,zemax,21.7,1.5,51,
US08941921-1,zemax,21.7,1.8,132,
US08953093-1,zemax,21.7,1.8,51,
US08964096-2,zemax,21.7,1.5,51,
US08970966-1,zemax,21.7,2.8,45,
US08970966-2,zemax,21.7,2.8,39,
US08970966-3,zemax,,,,
US08976458-1,zemax,10,3,146,macro
US08988789-1,zemax,3,2.3,4,5-element mobile imaging
US08988789-3,zemax,2.7,2.2,3.7,5-element mobile imaging
US08988789-6,zemax,2.8,2.5,4.3,5-element mobile imaging
US09001440-1,zemax,21.7,2.9,60,
US09110286-1,zemax,11,5,245,catadioptric
US09110286-3,zemax,11,5,245,catadioptric
US09128271-1,zemax,1,2.8,1,
US09182570-1,zemax,14,3.7,10,fisheye
US09274322-1,zemax,1.93,2.2,1.3,"front converter, fisheye: +-90 deg FOV"
US09304299-2,zemax,1.82,4,1.3,"front converter, fisheye: +-90 deg FOV"
US09389399-1,zemax,0.9,1.9,1,
US09405094-1,zemax,21,5.7,775,
US11163141_lens system 610_folded,zemax,2.6,2.8,10,tolded telephoto for digital mobile phone
US20010040736 Example02_Tale24,zemax,3.52,,afocal,Nikon WC-E63 with Main Lens
US20030223122_Example04P,zemax,21.6,4.5,75,Ricoh smc Pentax-FA J 75-300mm F4.5-5.8 AL
US20040017605_Example03P,zemax,10.8,2.8,300,Olympus Zuiko Digital ED 300mm F2.8
US20040136095 Example01P,zemax,30.7,3.5,35,Hasselblad HC 3.5 35
US20040223070_Example04P,zemax,21.64,4,28,Canon EF28-105mm f4-5.6
US20060023317_Example01P,zemax,13.65,4,17,Canon EF-S17-85mm f4-5.6 IS USM
US20080212200_Example01P,zemax,21.6,2.8,70,Tamron SP AF70-200mm F2.8 Di
US20090190220_Example05P,zemax,14.3,3.5,85,Nikon AF-S DX Micro Nikkor 85mm f/3.5G ED VR
US20090290227_Example01P,zemax,14.2,3.5,18,Sony DT 18-55mm F3.5-5.6 SAM II
US20090296231_Example01P,zemax,21.6,2.8,70,Canon EF70-200mm f2.8L IS II USM
US20100073777_Example01P,zemax,14.2,1.4,55,Ricoh smc Pentax-DA 55mm F1.4 SDM
US20100149663_Example01P,zemax,14.2,2,30,Samsung 30mm F2
US20110176215_Example01P,zemax,15,2.8,40,Nikon AF-S DX Micro Nikkor 40mm f/2.8G
US20110286106_Example01P,zemax,14.2,3.5,18,Sony E PZ 18-200 mm F3.5-6.3 OSS
US20110286116_Example01P,zemax,14.5,2,60,Tamron SP AF60mm F/2 Di II LD [IF] Macro 1:1
US20120002298_Example06P,zemax,14.24,3.5,18,Ricoh smc Pentax-DA 18-135mm F3.5-5.6ED AL[IF] DC WR
US20120056976_Example01P,zemax,14.3,2.8,20,Samsung 20mm F2.8
US20120063011_Example01P,zemax,30.7,3.5,50,Hasselblad HC 3.5 50-II
US20120147254_Example04P,zemax,10.8,3.5,8,Panasonic Lumix G Fisheye 8mm F3.5
US20120307129_Example01P,zemax,14.4,2.8,16,Sony DT 16-50mm F2.8 SSM
US20130033768_Example02P,zemax,14.2,1.8,24,Sony Sonnar T* E 24mm F1.8 ZA
US20130057972_Example03P,zemax,14.2,2.4,16,Samsung 16mm F2.4
US20130148006_Example01P,zemax,10.2,2.5,14,Panasonic Lumix G 14mm F2.5 II Asph
US20130155294_Example01P,zemax,14.2,3.5,18,Sony DT 18-135mm F3.5-5.6 SAM
US20130222925 Example04P,zemax,34.85,2.8,90,Ricoh HD Pentax-D FA645 90mm F2.8 ED AW SR Macro
US20130235467_Example01P,zemax,14.2,3.5,10,Samsung 10mm F3.5 Fisheye
US20130314588_Example01P,zemax,14.2,1.8,45,Samsung 45mm F1.8
US20140071331 Example04P,zemax,21.63,1.4,50,Sony Planar T* 50mm F1.4 ZA SSM
US20140204265_Example04P,zemax,14.2,2.8,20,Sony E 20mm F2.8
US20140247506_Example01P,zemax,14.2,2.4,60,Fujifilm Fujinon XF60mm F2.4 R Macro
US20140285903_Example01P,zemax,14.3,1.4,35,Fujifilm Fujinon XF35mm F1.4 R
US20140368926_Example04P,zemax,14.2,1.4,23,Fujifilm Fujinon XF23mm F1.4 R
US20150077859_Example04P,zemax,21.63,3.5,28,Sony FE 28-70mm F3.5-5.6 OSS
US20150092100_Example01P,zemax,21.6,1.8,55,Sony Sonnar T* FE 55 mm F1.8 ZA
US20150097989_Example02P,zemax,18.2,3.5,12,Panasonic Lumix G Vario 12-32mm F3.5-5.6 Asph Mega OIS
US20150168694_Example01P,zemax,14.2,2.8,14,Fujifilm Fujinon XF14mm F2.8 R
US20150185495_Example01P,zemax,14.25,3.5,18,Nikon AF-S DX Nikkor 18-55mm f/3.5-5.6G VR II
US20150192839_Example05P,zemax,10.8,1.2,42.5,Panasonic Leica DG Nocticron 42.5mm F1.2 Asph Power OIS
US20150205081_Example01P,zemax,21.6,2,35,Canon EF35mm f2 IS USM
US20150212302_Example03P,zemax,14.3,1.2,56,Fujifilm Fujinon XF56mmF1.2 R
US20150226943_Example01TCP,zemax,NA,NA,NA,Olypmus MC-14 M.Zuiko Digital 1.4X Teleconverter
US20150226945_Example01P,zemax,21.63,4,70,Sony FE 70-200mm F4 G OSS
US20150241657_Example01P,zemax,4.7,2.8,15,Ricoh smc Pentax-Q 06 Telephoto Zoom 15-45mm F2.8
US20150316753_Example01P,zemax,14.2,3.5,16,Sony E PZ 16-50mm F3.5-5.6 OSS
US20160011404_Example05P,zemax,14.2,2.8,27,Fujifilm Fujinon XF27mm F2.8
US20160103303_Example01P,zemax,21.64,2.8,70,Ricoh HD Pentax-D FA 70-200mm F2.8ED DC AW
US20160209632_Example01P,zemax,21.63,2.8,90,Leica APO-Vario-Elmarit-SL 90-280mm F2.8-4
US20160274335_Example01P,zemax,14.2,2,90,Fujifilm Fujinon XF90mm F2 R LM WR
US20160282590_Example01P,zemax,14.2,1.4,16,Fujifilm Fujinon XF16mm F1.4 R WR
US20160313535 Example01P,zemax,13.66,3.5,28,Canon EF-M28mm f3.5 Macro IS STM
US20170010441_Example01P,zemax,14.2,2,35,Fujifilm Fujinon XF35mm F2 R WR
US20170059832 Example04P,zemax,10.82,1.7,25,Panasonic Lumix G 25mm F1.7 Asph
US20170068075_Example02P,zemax,21.64,3.5,28,Ricoh HD Pentax-D FA 28-105mm F3.5-5.6ED DC WR
US20170242219 Example01P,zemax,27.5,2.8,63,Fujifilm Fujinon GF63mm F2.8 R WR
US20170242227_Example02P,zemax,10,3.5,12,Panasonic Lumix G Vario 12-60mm F3.5-5.6 Asph Power OIS
US20170329112_Example01P,zemax,14.2,4.5,55,Ricoh HD Pentax-DA 55-300mm F4.5-6.3ED PLM WR RE
US20170351051 Example01P,zemax,14.2,2,23,Fujifilm Fujinon XF23mm F2 R WR
US20180031811_Example04P,zemax,21.6,4,600,Nikon AF-S Nikkor 600mm f/4E FL ED VR
US20180059384 Example01P,zemax,27.5,4,120,Fujifilm Fujinon GF120mm F4 R LM OIS WR Macro
US20180074300_Example01P,zemax,13.6,2.8,35,Canon EF-S35mm f2.8 Macro IS STM
US20180074300_Example02P,zemax,13.6,3.5,18,Canon EF-M18-150mm f3.5-6.3 IS STM
US20180095255_Example02P,zemax,NA,NA,NA,Canon Extender EF1.4X III
US20180095255_Example05P,zemax,NA,NA,NA,Canon Extender EF2X III
US20180095255_MLP,zemax,21.6,2.8,400,Canon EF400mm f2.8L IS II USM
US20180100988 Example01P,zemax,27.5,2,110,Fujifilm Fujinon GF110mm F2 R LM WR
US20180196240_Example11P,zemax,8.2,3.5,10,Nikon 1 Nikkor VR 10-30mm f/3.5-5.6 PD-Zoom
US20180210178_Example01P,zemax,29,4,23,Fujifilm Fujinon GF23mm F4 R LM WR
US20180246292 Example01P,zemax,14.2,2.8,80,Fujifilm Fujinon XF80mm F2.8 R LM OIS WR Macro
US20180284478_Example01P,zemax,10.8,4,100,Panasonic Leica DG Vario-Elmar 100-400mm F4.0-6.3 Asph Power OIS
US20190086645_Example01P,zemax,28.6,4,250,Fujifilm Fujinon GF250mm F4 R LM OIS WR with Fujifilm Fujinon GF1.4X TC WR
US20190086645_Example01TCP,zemax,NA,NA,NA,Fujifilm Fujinon GF1.4X TC WR
US20190086648_Example02P,zemax,21.6,4,11,TH Swiss Irix 11mm f/4.0
US20190094496_Example01P,zemax,28.6,4,250,Fujifilm Fujinon GF250mm F4 R LM OIS WR
US20190113711_Example01P,zemax,21.6,1.8,35,Canon RF35mm F1.8 Macro IS STM
US20190250367_Example01P,zemax,21.6,1.4,50,Ricoh HD Pentax-D FA 50mm F1.4 SDM AW
US20190265441_Example02P,zemax,21.6,1.2,50,Canon RF50mm F1.2 L USM
US20190265504_Example01P,zemax,15.4,2,200,Fujifilm Fujinon XF200mm F2 R LM OIS WR
US20190369371_Example04P,zemax,21.63,2.8,16,Sony FE C 16-35mm T3.1
US20200012073_Example01P,zemax,21.6,1.2,85,Canon RF85mm F1.2 L USM (DS)
US20200018936_Example01P,zemax,15.4,2.8,200,Fujifilm Fujinon XF200mm F2 R LM OIS WR with Fujifilm Fujinon XF1.4X TC F2 WR
US20200018936_Example01TCP,zemax,NA,NA,NA,Fujifilm Fujinon XF1.4X TC F2 WR
US20200073096_Example03P,zemax,14.2,2.8,16,Fujifilm Fujinon XF16mm F2.8 R WR
US20200166730 Example01P,zemax,27.5,3.5,50,Fujifilm Fujinon GF50mm F3.5 R LM WR
US20200174231_Example01P,zemax,29,2.8,45,Fujifilm Fujinon GF45mm F2.8 R WR
US20200192060 Example02P,zemax,28,3.5,120,Hasselblad XCD 3.5 120 Macro
US20200271904_Example03P,zemax,NA,NA,NA,Canon Extender RF1.4X
US20200271904_Example06P,zemax,NA,NA,NA,Canon Extender RF2X
US20200301101_Example03P,zemax,21.6,1.4,85,Ricoh HD Pentax-D FA 85mm F1.4ED SDM AW
US20200319427 Example01P,zemax,28.02,2.8,65,Hasselblad XCD 2.8 65
US20200341238 Example03P,zemax,13.2,2.8,18,Leica Elmarit-TL 18mm F2.8 Asph
US20200371325_Example02P,zemax,10.8,1.7,10,Panasonic Leica DG Vario-Summilux 10-25mm F1.7 Asph
US20210072505_Example01P,zemax,21.6,2,85,Canon RF85mm F2 Macro IS STM
US20210231927 Example03P,zemax,14.2,1,50,Fujifilm Fujinon XF50mm F1.0 R WR
US20210231930 Example01P,zemax,27.8,3.5,30,Fujifilm Fujinon GF30mm F3.5 R WR
US20210263286 Example01P,zemax,21.64,1.8,50,Canon RF50mm F1.8 STM
US20210286156_Example06P,zemax,14.2,4,70,Fujifilm Fujinon XF70-300mm F4-5.6 R LM OIS WR
US20210294073 Example01P,zemax,27.35,1.7,80,Fujifilm Fujinon GF80mm F1.7 R WR
US20220011542 Example01P,zemax,14.2,1.4,18,Fujifilm Fujinon XF18mm F1.4 R LM WR
US6844989,zemax,3.9,2.8,4.2,mobile imaging
US7643225,zemax,4.1,2.8,3.67,mobile imaging
US8558939,zemax,3.5,2.84,3.74,mobile imaging
WO2014-007298_Example02P,zemax,14,4,10,Sony E 10-18 mm F4 OSS
WO2014-061226_Example01P,zemax,8.2,1.2,32,Nikon 1 Nikkor 32mm f/1.2
WO2016-136352 Example02P,zemax,21.63,2.8,90,Sony FE 90mm F2.8 Macro G OSS
WO2017-134928_Example03P,zemax,NA,NA,NA,Sony 2x Teleconverter Lens (SEL)
WO2017-134928_Example06P,zemax,NA,NA,NA,Sony 1.4x Teleconverter Lens (SEL)
WO2017-138250_Example02P,zemax,21.6,1.4,50,Sony Planar T* FE 50mm F1.4 ZA
WO2017-221949 Example01P,zemax,28.04,3.5,45,Hasselblad XCD 3.5 45
WO2018-052113 Example01P,zemax,28,3.5,30,Hasselblad XCD 3.5 30
WO2019-073744_Example01P,zemax,21.6,1.4,24,Sony FE 24mm F1.4 GM
WO2019-116563_Example03P,zemax,21.6,1.4,105,Nikon AF-S Nikkor 105mm f/1.4E ED
WO2019-187633_Example01P,zemax,21.6,1.8,135,Sony FE 135mm F1.8 GM
WO2019-220618_Example09P,zemax,21.6,1.8,50,Nikon Nikkor Z 50mm f/1.8 S
WO2019-229849_Example01P,zemax,21.7,0.95,58,Nikon Nikkor Z 58mm f/0.95 S
WO2020-119907_Example01P,zemax,21.6,2.8,150,TH Swiss Irix 150mm f/2.8 Macro
WO2020-158622_Example03P,zemax,21.6,1.4,50,Panasonic Lumix S Pro 50mm F1.4
WO2020-230915_Example01P,zemax,21.6,2.8,24,Samyang AF 24mm F2.8 FE
WO2021-039813_Example01P,zemax,21.7,2.8,18,Nikon AF Nikkor 18mm f/2.8D
WO2021-039813_Example02P,zemax,14.25,4.5,18,Nikon AF-P DX Nikkor 10-20mm f/4.5-5.6G VR
WO2021-085655 Example03P,zemax,21.63,1.4,85,Samyang AF 85mm F1.4 FE/F/RF
WO2021-200206_Example02P,zemax,21.6,2.8,12,Sony FE 12-24mm F2.8 GM
WO2021-241230 Example01P,zemax,21.6,1.2,50,Nikon Nikkor Z 50mm f/1.2 S
WO2022-071249 Example02P,zemax,21.7,2.8,28,Nikon Nikkor Z 28mm f/2.8
