Y Angle (deg),Tan Shift,Sag Shift,Real Height,Ref. Height,Distortion,Wavelength
0.00000000,-0.26667160,-0.26667160,0.00000000,0.00000000,0.00000000,0.486133 µm.
0.00000000,-0.26667160,-0.26667160,0.00000000,0.00000000,0.00000000,0.486133 µm.
0.084183558,-0.26670722,-0.26672411,0.44110018,0.44109996,5.0269203E-005,0.486133 µm.
0.084183558,-0.26670722,-0.26672411,0.44110018,0.44109996,5.0269203E-005,0.486133 µm.
0.16836712,-0.26683567,-0.26688161,0.88220464,0.88220182,3.1971056E-004,0.486133 µm.
0.16836712,-0.26683567,-0.26688161,0.88220464,0.88220182,3.1971056E-004,0.486133 µm.
0.25255068,-0.26705681,-0.26714405,1.3233177,1.3233075,7.6876428E-004,0.486133 µm.
0.25255068,-0.26705681,-0.26714405,1.3233177,1.3233075,7.6876428E-004,0.486133 µm.
0.33673423,-0.26737039,-0.26751137,1.7644435,1.7644189,1.3974075E-003,0.486133 µm.
0.33673423,-0.26737039,-0.26751137,1.7644435,1.7644189,1.3974075E-003,0.486133 µm.
0.42091779,-0.26777607,-0.26798346,2.2055865,2.2055379,2.2056084E-003,0.486133 µm.
0.42091779,-0.26777607,-0.26798346,2.2055865,2.2055379,2.2056084E-003,0.486133 µm.
0.50510135,-0.26827340,-0.26856019,2.6467509,2.6466664,3.1933386E-003,0.486133 µm.
0.50510135,-0.26827340,-0.26856019,2.6467509,2.6466664,3.1933386E-003,0.486133 µm.
0.58928491,-0.26886182,-0.26924140,3.0879410,3.0878064,4.3605221E-003,0.486133 µm.
0.58928491,-0.26886182,-0.26924140,3.0879410,3.0878064,4.3605221E-003,0.486133 µm.
0.67346847,-0.26954069,-0.27002689,3.5291611,3.5289597,5.7071125E-003,0.486133 µm.
0.67346847,-0.26954069,-0.27002689,3.5291611,3.5289597,5.7071125E-003,0.486133 µm.
0.75765203,-0.27030927,-0.27091643,3.9704153,3.9701282,7.2330412E-003,0.486133 µm.
0.75765203,-0.27030927,-0.27091643,3.9704153,3.9701282,7.2330412E-003,0.486133 µm.
0.84183558,-0.27116668,-0.27190979,4.4117081,4.4113139,8.9382306E-003,0.486133 µm.
0.84183558,-0.27116668,-0.27190979,4.4117081,4.4113139,8.9382306E-003,0.486133 µm.
0.92601914,-0.27211200,-0.27300668,4.8530437,4.8525186,0.010822594,0.486133 µm.
0.92601914,-0.27211200,-0.27300668,4.8530437,4.8525186,0.010822594,0.486133 µm.
1.0102027,-0.27314416,-0.27420678,5.2944264,5.2937443,0.012886035,0.486133 µm.
1.0102027,-0.27314416,-0.27420678,5.2944264,5.2937443,0.012886035,0.486133 µm.
1.0943863,-0.27426202,-0.27550976,5.7358604,5.7349928,0.015128449,0.486133 µm.
1.0943863,-0.27426202,-0.27550976,5.7358604,5.7349928,0.015128449,0.486133 µm.
1.1785698,-0.27546432,-0.27691524,6.1773500,6.1762661,0.017549720,0.486133 µm.
1.1785698,-0.27546432,-0.27691524,6.1773500,6.1762661,0.017549720,0.486133 µm.
1.2627534,-0.27674972,-0.27842283,6.6188995,6.6175661,0.020149727,0.486133 µm.
1.2627534,-0.27674972,-0.27842283,6.6188995,6.6175661,0.020149727,0.486133 µm.
1.3469369,-0.27811676,-0.28003210,7.0605132,7.0588947,0.022928336,0.486133 µm.
1.3469369,-0.27811676,-0.28003210,7.0605132,7.0588947,0.022928336,0.486133 µm.
1.4311205,-0.27956389,-0.28174258,7.5021952,7.5002537,0.025885404,0.486133 µm.
1.4311205,-0.27956389,-0.28174258,7.5021952,7.5002537,0.025885404,0.486133 µm.
1.5153041,-0.28108948,-0.28355380,7.9439499,7.9416452,0.029020781,0.486133 µm.
1.5153041,-0.28108948,-0.28355380,7.9439499,7.9416452,0.029020781,0.486133 µm.
1.5994876,-0.28269178,-0.28546522,8.3857816,8.3830710,0.032334307,0.486133 µm.
1.5994876,-0.28269178,-0.28546522,8.3857816,8.3830710,0.032334307,0.486133 µm.
1.6836712,-0.28436893,-0.28747630,8.8276945,8.8245330,0.035825811,0.486133 µm.
1.6836712,-0.28436893,-0.28747630,8.8276945,8.8245330,0.035825811,0.486133 µm.
1.7678547,-0.28611901,-0.28958647,9.2696928,9.2660331,0.039495114,0.486133 µm.
1.7678547,-0.28611901,-0.28958647,9.2696928,9.2660331,0.039495114,0.486133 µm.
1.8520383,-0.28793997,-0.29179510,9.7117808,9.7075733,0.043342029,0.486133 µm.
1.8520383,-0.28793997,-0.29179510,9.7117808,9.7075733,0.043342029,0.486133 µm.
1.9362218,-0.28982967,-0.29410158,10.153963,10.149155,0.047366358,0.486133 µm.
1.9362218,-0.28982967,-0.29410158,10.153963,10.149155,0.047366358,0.486133 µm.
2.0204054,-0.29178589,-0.29650522,10.596243,10.590781,0.051567893,0.486133 µm.
2.0204054,-0.29178589,-0.29650522,10.596243,10.590781,0.051567893,0.486133 µm.
2.1045890,-0.29380629,-0.29900534,11.038626,11.032453,0.055946420,0.486133 µm.
2.1045890,-0.29380629,-0.29900534,11.038626,11.032453,0.055946420,0.486133 µm.
2.1887725,-0.29588846,-0.30160119,11.481115,11.474173,0.060501711,0.486133 µm.
2.1887725,-0.29588846,-0.30160119,11.481115,11.474173,0.060501711,0.486133 µm.
2.2729561,-0.29802987,-0.30429204,11.923715,11.915942,0.065233533,0.486133 µm.
2.2729561,-0.29802987,-0.30429204,11.923715,11.915942,0.065233533,0.486133 µm.
2.3571396,-0.30022790,-0.30707708,12.366430,12.357763,0.070141640,0.486133 µm.
2.3571396,-0.30022790,-0.30707708,12.366430,12.357763,0.070141640,0.486133 µm.
2.4413232,-0.30247985,-0.30995550,12.809265,12.799637,0.075225780,0.486133 µm.
2.4413232,-0.30247985,-0.30995550,12.809265,12.799637,0.075225780,0.486133 µm.
2.5255068,-0.30478292,-0.31292646,13.252224,13.241566,0.080485689,0.486133 µm.
2.5255068,-0.30478292,-0.31292646,13.252224,13.241566,0.080485689,0.486133 µm.
2.6096903,-0.30713420,-0.31598907,13.695310,13.683553,0.085921094,0.486133 µm.
2.6096903,-0.30713420,-0.31598907,13.695310,13.683553,0.085921094,0.486133 µm.
2.6938739,-0.30953071,-0.31914243,14.138528,14.125599,0.091531713,0.486133 µm.
2.6938739,-0.30953071,-0.31914243,14.138528,14.125599,0.091531713,0.486133 µm.
2.7780574,-0.31196936,-0.32238560,14.581883,14.567706,0.097317256,0.486133 µm.
2.7780574,-0.31196936,-0.32238560,14.581883,14.567706,0.097317256,0.486133 µm.
2.8622410,-0.31444699,-0.32571762,15.025378,15.009876,0.10327742,0.486133 µm.
2.8622410,-0.31444699,-0.32571762,15.025378,15.009876,0.10327742,0.486133 µm.
2.9464245,-0.31696032,-0.32913748,15.469017,15.452111,0.10941190,0.486133 µm.
2.9464245,-0.31696032,-0.32913748,15.469017,15.452111,0.10941190,0.486133 µm.
3.0306081,-0.31950600,-0.33264416,15.912806,15.894413,0.11572036,0.486133 µm.
3.0306081,-0.31950600,-0.33264416,15.912806,15.894413,0.11572036,0.486133 µm.
3.1147917,-0.32208059,-0.33623660,16.356748,16.336784,0.12220249,0.486133 µm.
3.1147917,-0.32208059,-0.33623660,16.356748,16.336784,0.12220249,0.486133 µm.
3.1989752,-0.32468054,-0.33991371,16.800847,16.779225,0.12885794,0.486133 µm.
3.1989752,-0.32468054,-0.33991371,16.800847,16.779225,0.12885794,0.486133 µm.
3.2831588,-0.32730224,-0.34367437,17.245107,17.221739,0.13568636,0.486133 µm.
3.2831588,-0.32730224,-0.34367437,17.245107,17.221739,0.13568636,0.486133 µm.
3.3673423,-0.32994197,-0.34751743,17.689533,17.664328,0.14268740,0.486133 µm.
3.3673423,-0.32994197,-0.34751743,17.689533,17.664328,0.14268740,0.486133 µm.
3.4515259,-0.33259593,-0.35144172,18.134129,18.106994,0.14986068,0.486133 µm.
3.4515259,-0.33259593,-0.35144172,18.134129,18.106994,0.14986068,0.486133 µm.
3.5357095,-0.33526024,-0.35544602,18.578899,18.549737,0.15720583,0.486133 µm.
3.5357095,-0.33526024,-0.35544602,18.578899,18.549737,0.15720583,0.486133 µm.
3.6198930,-0.33793092,-0.35952910,19.023846,18.992561,0.16472246,0.486133 µm.
3.6198930,-0.33793092,-0.35952910,19.023846,18.992561,0.16472246,0.486133 µm.
3.7040766,-0.34060391,-0.36368968,19.468977,19.435468,0.17241017,0.486133 µm.
3.7040766,-0.34060391,-0.36368968,19.468977,19.435468,0.17241017,0.486133 µm.
3.7882601,-0.34327508,-0.36792646,19.914293,19.878459,0.18026856,0.486133 µm.
3.7882601,-0.34327508,-0.36792646,19.914293,19.878459,0.18026856,0.486133 µm.
3.8724437,-0.34594020,-0.37223811,20.359801,20.321536,0.18829721,0.486133 µm.
3.8724437,-0.34594020,-0.37223811,20.359801,20.321536,0.18829721,0.486133 µm.
3.9566272,-0.34859496,-0.37662327,20.805503,20.764701,0.19649568,0.486133 µm.
3.9566272,-0.34859496,-0.37662327,20.805503,20.764701,0.19649568,0.486133 µm.
4.0408108,-0.35123496,-0.38108054,21.251403,21.207956,0.20486355,0.486133 µm.
4.0408108,-0.35123496,-0.38108054,21.251403,21.207956,0.20486355,0.486133 µm.
4.1249944,-0.35385574,-0.38560850,21.697507,21.651303,0.21340036,0.486133 µm.
4.1249944,-0.35385574,-0.38560850,21.697507,21.651303,0.21340036,0.486133 µm.
4.2091779,-0.35645275,-0.39020571,22.143818,22.094745,0.22210567,0.486133 µm.
4.2091779,-0.35645275,-0.39020571,22.143818,22.094745,0.22210567,0.486133 µm.
4.2933615,-0.35902135,-0.39487066,22.590340,22.538282,0.23097899,0.486133 µm.
4.2933615,-0.35902135,-0.39487066,22.590340,22.538282,0.23097899,0.486133 µm.
4.3775450,-0.36155684,-0.39960185,23.037078,22.981917,0.24001986,0.486133 µm.
4.3775450,-0.36155684,-0.39960185,23.037078,22.981917,0.24001986,0.486133 µm.
4.4617286,-0.36405442,-0.40439772,23.484035,23.425651,0.24922779,0.486133 µm.
4.4617286,-0.36405442,-0.40439772,23.484035,23.425651,0.24922779,0.486133 µm.
4.5459122,-0.36650923,-0.40925671,23.931215,23.869488,0.25860228,0.486133 µm.
4.5459122,-0.36650923,-0.40925671,23.931215,23.869488,0.25860228,0.486133 µm.
4.6300957,-0.36891633,-0.41417720,24.378623,24.313428,0.26814283,0.486133 µm.
4.6300957,-0.36891633,-0.41417720,24.378623,24.313428,0.26814283,0.486133 µm.
4.7142793,-0.37127070,-0.41915755,24.826262,24.757474,0.27784891,0.486133 µm.
4.7142793,-0.37127070,-0.41915755,24.826262,24.757474,0.27784891,0.486133 µm.
4.7984628,-0.37356727,-0.42419610,25.274138,25.201628,0.28771999,0.486133 µm.
4.7984628,-0.37356727,-0.42419610,25.274138,25.201628,0.28771999,0.486133 µm.
4.8826464,-0.37580086,-0.42929114,25.722253,25.645891,0.29775555,0.486133 µm.
4.8826464,-0.37580086,-0.42929114,25.722253,25.645891,0.29775555,0.486133 µm.
4.9668299,-0.37796625,-0.43444093,26.170612,26.090265,0.30795503,0.486133 µm.
4.9668299,-0.37796625,-0.43444093,26.170612,26.090265,0.30795503,0.486133 µm.
5.0510135,-0.38005812,-0.43964372,26.619218,26.534753,0.31831788,0.486133 µm.
5.0510135,-0.38005812,-0.43964372,26.619218,26.534753,0.31831788,0.486133 µm.
5.1351971,-0.38207110,-0.44489770,27.068077,26.979357,0.32884352,0.486133 µm.
5.1351971,-0.38207110,-0.44489770,27.068077,26.979357,0.32884352,0.486133 µm.
5.2193806,-0.38399976,-0.45020106,27.517191,27.424078,0.33953137,0.486133 µm.
5.2193806,-0.38399976,-0.45020106,27.517191,27.424078,0.33953137,0.486133 µm.
5.3035642,-0.38583859,-0.45555193,27.966566,27.868919,0.35038085,0.486133 µm.
5.3035642,-0.38583859,-0.45555193,27.966566,27.868919,0.35038085,0.486133 µm.
5.3877477,-0.38758200,-0.46094843,28.416204,28.313880,0.36139136,0.486133 µm.
5.3877477,-0.38758200,-0.46094843,28.416204,28.313880,0.36139136,0.486133 µm.
5.4719313,-0.38922436,-0.46638863,28.866110,28.758965,0.37256228,0.486133 µm.
5.4719313,-0.38922436,-0.46638863,28.866110,28.758965,0.37256228,0.486133 µm.
5.5561149,-0.39075996,-0.47187058,29.316289,29.204176,0.38389299,0.486133 µm.
5.5561149,-0.39075996,-0.47187058,29.316289,29.204176,0.38389299,0.486133 µm.
5.6402984,-0.39218304,-0.47739230,29.766743,29.649514,0.39538286,0.486133 µm.
5.6402984,-0.39218304,-0.47739230,29.766743,29.649514,0.39538286,0.486133 µm.
5.7244820,-0.39348776,-0.48295177,30.217477,30.094981,0.40703126,0.486133 µm.
5.7244820,-0.39348776,-0.48295177,30.217477,30.094981,0.40703126,0.486133 µm.
5.8086655,-0.39466824,-0.48854695,30.668494,30.540579,0.41883752,0.486133 µm.
5.8086655,-0.39466824,-0.48854695,30.668494,30.540579,0.41883752,0.486133 µm.
5.8928491,-0.39571853,-0.49417575,31.119800,30.986310,0.43080098,0.486133 µm.
5.8928491,-0.39571853,-0.49417575,31.119800,30.986310,0.43080098,0.486133 µm.
5.9770326,-0.39663261,-0.49983608,31.571397,31.432177,0.44292096,0.486133 µm.
5.9770326,-0.39663261,-0.49983608,31.571397,31.432177,0.44292096,0.486133 µm.
6.0612162,-0.39740443,-0.50552577,32.023289,31.878181,0.45519679,0.486133 µm.
6.0612162,-0.39740443,-0.50552577,32.023289,31.878181,0.45519679,0.486133 µm.
6.1453998,-0.39802788,-0.51124267,32.475481,32.324324,0.46762776,0.486133 µm.
6.1453998,-0.39802788,-0.51124267,32.475481,32.324324,0.46762776,0.486133 µm.
6.2295833,-0.39849677,-0.51698456,32.927977,32.770608,0.48021317,0.486133 µm.
6.2295833,-0.39849677,-0.51698456,32.927977,32.770608,0.48021317,0.486133 µm.
6.3137669,-0.39880488,-0.52274921,33.380779,33.217035,0.49295230,0.486133 µm.
6.3137669,-0.39880488,-0.52274921,33.380779,33.217035,0.49295230,0.486133 µm.
6.3979504,-0.39894593,-0.52853435,33.833893,33.663608,0.50584442,0.486133 µm.
6.3979504,-0.39894593,-0.52853435,33.833893,33.663608,0.50584442,0.486133 µm.
6.4821340,-0.39891361,-0.53433767,34.287322,34.110328,0.51888879,0.486133 µm.
6.4821340,-0.39891361,-0.53433767,34.287322,34.110328,0.51888879,0.486133 µm.
6.5663176,-0.39870152,-0.54015684,34.741070,34.557197,0.53208466,0.486133 µm.
6.5663176,-0.39870152,-0.54015684,34.741070,34.557197,0.53208466,0.486133 µm.
6.6505011,-0.39830326,-0.54598949,35.195141,35.004217,0.54543127,0.486133 µm.
6.6505011,-0.39830326,-0.54598949,35.195141,35.004217,0.54543127,0.486133 µm.
6.7346847,-0.39771236,-0.55183323,35.649538,35.451390,0.55892784,0.486133 µm.
6.7346847,-0.39771236,-0.55183323,35.649538,35.451390,0.55892784,0.486133 µm.
6.8188682,-0.39692229,-0.55768563,36.104265,35.898718,0.57257359,0.486133 µm.
6.8188682,-0.39692229,-0.55768563,36.104265,35.898718,0.57257359,0.486133 µm.
6.9030518,-0.39592652,-0.56354422,36.559327,36.346204,0.58636772,0.486133 µm.
6.9030518,-0.39592652,-0.56354422,36.559327,36.346204,0.58636772,0.486133 µm.
6.9872353,-0.39471843,-0.56940650,37.014726,36.793849,0.60030943,0.486133 µm.
6.9872353,-0.39471843,-0.56940650,37.014726,36.793849,0.60030943,0.486133 µm.
7.0714189,-0.39329140,-0.57526995,37.470467,37.241655,0.61439790,0.486133 µm.
7.0714189,-0.39329140,-0.57526995,37.470467,37.241655,0.61439790,0.486133 µm.
7.1556025,-0.39163875,-0.58113201,37.926554,37.689625,0.62863229,0.486133 µm.
7.1556025,-0.39163875,-0.58113201,37.926554,37.689625,0.62863229,0.486133 µm.
7.2397860,-0.38975376,-0.58699009,38.382990,38.137759,0.64301177,0.486133 µm.
7.2397860,-0.38975376,-0.58699009,38.382990,38.137759,0.64301177,0.486133 µm.
7.3239696,-0.38762971,-0.59284155,38.839778,38.586061,0.65753549,0.486133 µm.
7.3239696,-0.38762971,-0.59284155,38.839778,38.586061,0.65753549,0.486133 µm.
7.4081531,-0.38525979,-0.59868374,39.296924,39.034533,0.67220257,0.486133 µm.
7.4081531,-0.38525979,-0.59868374,39.296924,39.034533,0.67220257,0.486133 µm.
7.4923367,-0.38263721,-0.60451396,39.754430,39.483176,0.68701215,0.486133 µm.
7.4923367,-0.38263721,-0.60451396,39.754430,39.483176,0.68701215,0.486133 µm.
7.5765203,-0.37975512,-0.61032951,40.212300,39.931992,0.70196334,0.486133 µm.
7.5765203,-0.37975512,-0.61032951,40.212300,39.931992,0.70196334,0.486133 µm.
7.6607038,-0.37660664,-0.61612761,40.670537,40.380983,0.71705523,0.486133 µm.
7.6607038,-0.37660664,-0.61612761,40.670537,40.380983,0.71705523,0.486133 µm.
7.7448874,-0.37318489,-0.62190547,41.129147,40.830153,0.73228693,0.486133 µm.
7.7448874,-0.37318489,-0.62190547,41.129147,40.830153,0.73228693,0.486133 µm.
7.8290709,-0.36948293,-0.62766028,41.588131,41.279501,0.74765749,0.486133 µm.
7.8290709,-0.36948293,-0.62766028,41.588131,41.279501,0.74765749,0.486133 µm.
7.9132545,-0.36549381,-0.63338917,42.047493,41.729032,0.76316600,0.486133 µm.
7.9132545,-0.36549381,-0.63338917,42.047493,41.729032,0.76316600,0.486133 µm.
7.9974380,-0.36121058,-0.63908927,42.507239,42.178746,0.77881151,0.486133 µm.
7.9974380,-0.36121058,-0.63908927,42.507239,42.178746,0.77881151,0.486133 µm.
8.0816216,-0.35662623,-0.64475764,42.967370,42.628645,0.79459306,0.486133 µm.
8.0816216,-0.35662623,-0.64475764,42.967370,42.628645,0.79459306,0.486133 µm.
8.1658052,-0.35173377,-0.65039132,43.427890,43.078733,0.81050967,0.486133 µm.
8.1658052,-0.35173377,-0.65039132,43.427890,43.078733,0.81050967,0.486133 µm.
8.2499887,-0.34652615,-0.65598734,43.888804,43.529010,0.82656037,0.486133 µm.
8.2499887,-0.34652615,-0.65598734,43.888804,43.529010,0.82656037,0.486133 µm.
8.3341723,-0.34099635,-0.66154266,44.350114,43.979479,0.84274417,0.486133 µm.
8.3341723,-0.34099635,-0.66154266,44.350114,43.979479,0.84274417,0.486133 µm.
8.4183558,-0.33513730,-0.66705424,44.811824,44.430142,0.85906006,0.486133 µm.
8.4183558,-0.33513730,-0.66705424,44.811824,44.430142,0.85906006,0.486133 µm.
0.00000000,7.5685178E-004,7.5685178E-004,0.00000000,0.00000000,0.00000000,0.587562 µm.
0.00000000,7.5685178E-004,7.5685178E-004,0.00000000,0.00000000,0.00000000,0.587562 µm.
0.084183558,6.9800362E-004,6.9573699E-004,0.44085761,0.44085720,9.2660958E-005,0.587562 µm.
0.084183558,6.9800362E-004,6.9573699E-004,0.44085761,0.44085720,9.2660958E-005,0.587562 µm.
0.16836712,4.9732586E-004,5.1240752E-004,0.88171958,0.88171631,3.7063972E-004,0.587562 µm.
0.16836712,4.9732586E-004,5.1240752E-004,0.88171958,0.88171631,3.7063972E-004,0.587562 µm.
0.25255068,1.5496975E-004,2.0690803E-004,1.3225902,1.3225792,8.3392265E-004,0.587562 µm.
0.25255068,1.5496975E-004,2.0690803E-004,1.3225902,1.3225792,8.3392265E-004,0.587562 µm.
0.33673423,-3.2880870E-004,-2.2068688E-004,1.7634740,1.7634478,1.4824873E-003,0.587562 µm.
0.33673423,-3.2880870E-004,-2.2068688E-004,1.7634740,1.7634478,1.4824873E-003,0.587562 µm.
0.42091779,-9.5364875E-004,-7.7027301E-004,2.2043751,2.2043241,2.3163020E-003,0.587562 µm.
0.42091779,-9.5364875E-004,-7.7027301E-004,2.2043751,2.2043241,2.3163020E-003,0.587562 µm.
0.50510135,-1.7190859E-003,-1.4417162E-003,2.6452981,2.6452098,3.3353266E-003,0.587562 µm.
0.50510135,-1.7190859E-003,-1.4417162E-003,2.6452981,2.6452098,3.3353266E-003,0.587562 µm.
0.58928491,-2.6245490E-003,-2.2348528E-003,3.0862471,3.0861070,4.5395112E-003,0.587562 µm.
0.58928491,-2.6245490E-003,-2.2348528E-003,3.0862471,3.0861070,4.5395112E-003,0.587562 µm.
0.67346847,-3.6693641E-003,-3.1494893E-003,3.5272266,3.5270175,5.9287974E-003,0.587562 µm.
0.67346847,-3.6693641E-003,-3.1494893E-003,3.5272266,3.5270175,5.9287974E-003,0.587562 µm.
0.75765203,-4.8527526E-003,-4.1854019E-003,3.9682410,3.9679432,7.5031178E-003,0.587562 µm.
0.75765203,-4.8527526E-003,-4.1854019E-003,3.9682410,3.9679432,7.5031178E-003,0.587562 µm.
0.84183558,-6.1738315E-003,-5.3423377E-003,4.4092945,4.4088861,9.2623956E-003,0.587562 µm.
0.84183558,-6.1738315E-003,-5.3423377E-003,4.4092945,4.4088861,9.2623956E-003,0.587562 µm.
0.92601914,-7.6316137E-003,-6.6200135E-003,4.8503915,4.8498480,0.011206545,0.587562 µm.
0.92601914,-7.6316137E-003,-6.6200135E-003,4.8503915,4.8498480,0.011206545,0.587562 µm.
1.0102027,-9.2250081E-003,-8.0181159E-003,5.2915364,5.2908309,0.013335472,0.587562 µm.
1.0102027,-9.2250081E-003,-8.0181159E-003,5.2915364,5.2908309,0.013335472,0.587562 µm.
1.0943863,-0.010952820,-9.5363029E-003,5.7327336,5.7318366,0.015649073,0.587562 µm.
1.0943863,-0.010952820,-9.5363029E-003,5.7327336,5.7318366,0.015649073,0.587562 µm.
1.1785698,-0.012813751,-0.011174201,6.1739872,6.1728670,0.018147234,0.587562 µm.
1.1785698,-0.012813751,-0.011174201,6.1739872,6.1728670,0.018147234,0.587562 µm.
1.2627534,-0.014806400,-0.012931409,6.6153018,6.6139242,0.020829834,0.587562 µm.
1.2627534,-0.014806400,-0.012931409,6.6153018,6.6139242,0.020829834,0.587562 µm.
1.3469369,-0.016929261,-0.014807493,7.0566817,7.0550099,0.023696742,0.587562 µm.
1.3469369,-0.016929261,-0.014807493,7.0566817,7.0550099,0.023696742,0.587562 µm.
1.4311205,-0.019180726,-0.016801991,7.4981311,7.4961260,0.026747818,0.587562 µm.
1.4311205,-0.019180726,-0.016801991,7.4981311,7.4961260,0.026747818,0.587562 µm.
1.5153041,-0.021559086,-0.018914411,7.9396544,7.9372746,0.029982913,0.587562 µm.
1.5153041,-0.021559086,-0.018914411,7.9396544,7.9372746,0.029982913,0.587562 µm.
1.5994876,-0.024062527,-0.021144231,8.3812560,8.3784574,0.033401869,0.587562 µm.
1.5994876,-0.024062527,-0.021144231,8.3812560,8.3784574,0.033401869,0.587562 µm.
1.6836712,-0.026689135,-0.023490898,8.8229402,8.8196765,0.037004517,0.587562 µm.
1.6836712,-0.026689135,-0.023490898,8.8229402,8.8196765,0.037004517,0.587562 µm.
1.7678547,-0.029436892,-0.025953831,9.2647112,9.2609336,0.040790683,0.587562 µm.
1.7678547,-0.029436892,-0.025953831,9.2647112,9.2609336,0.040790683,0.587562 µm.
1.8520383,-0.032303681,-0.028532415,9.7065736,9.7022308,0.044760179,0.587562 µm.
1.8520383,-0.032303681,-0.028532415,9.7065736,9.7022308,0.044760179,0.587562 µm.
1.9362218,-0.035287282,-0.031226009,10.148531,10.143570,0.048912811,0.587562 µm.
1.9362218,-0.035287282,-0.031226009,10.148531,10.143570,0.048912811,0.587562 µm.
2.0204054,-0.038385376,-0.034033943,10.590589,10.584953,0.053248376,0.587562 µm.
2.0204054,-0.038385376,-0.034033943,10.590589,10.584953,0.053248376,0.587562 µm.
2.1045890,-0.041595541,-0.036955513,11.032751,11.026382,0.057766659,0.587562 µm.
2.1045890,-0.041595541,-0.036955513,11.032751,11.026382,0.057766659,0.587562 µm.
2.1887725,-0.044915258,-0.039989985,11.475022,11.467858,0.062467438,0.587562 µm.
2.1887725,-0.044915258,-0.039989985,11.475022,11.467858,0.062467438,0.587562 µm.
2.2729561,-0.048341906,-0.043136599,11.917405,11.909384,0.067350481,0.587562 µm.
2.2729561,-0.048341906,-0.043136599,11.917405,11.909384,0.067350481,0.587562 µm.
2.3571396,-0.051872767,-0.046394559,12.359906,12.350962,0.072415547,0.587562 µm.
2.3571396,-0.051872767,-0.046394559,12.359906,12.350962,0.072415547,0.587562 µm.
2.4413232,-0.055505022,-0.049763044,12.802527,12.792592,0.077662385,0.587562 µm.
2.4413232,-0.055505022,-0.049763044,12.802527,12.792592,0.077662385,0.587562 µm.
2.5255068,-0.059235756,-0.053241200,13.245275,13.234279,0.083090737,0.587562 µm.
2.5255068,-0.059235756,-0.053241200,13.245275,13.234279,0.083090737,0.587562 µm.
2.6096903,-0.063061954,-0.056828142,13.688153,13.676022,0.088700332,0.587562 µm.
2.6096903,-0.063061954,-0.056828142,13.688153,13.676022,0.088700332,0.587562 µm.
2.6938739,-0.066980506,-0.060522958,14.131165,14.117825,0.094490893,0.587562 µm.
2.6938739,-0.066980506,-0.060522958,14.131165,14.117825,0.094490893,0.587562 µm.
2.7780574,-0.070988203,-0.064324703,14.574316,14.559689,0.10046213,0.587562 µm.
2.7780574,-0.070988203,-0.064324703,14.574316,14.559689,0.10046213,0.587562 µm.
2.8622410,-0.075081742,-0.068232401,15.017609,15.001615,0.10661375,0.587562 µm.
2.8622410,-0.075081742,-0.068232401,15.017609,15.001615,0.10661375,0.587562 µm.
2.9464245,-0.079257722,-0.072245049,15.461050,15.443607,0.11294544,0.587562 µm.
2.9464245,-0.079257722,-0.072245049,15.461050,15.443607,0.11294544,0.587562 µm.
3.0306081,-0.083512649,-0.076361609,15.904642,15.885666,0.11945689,0.587562 µm.
3.0306081,-0.083512649,-0.076361609,15.904642,15.885666,0.11945689,0.587562 µm.
3.1147917,-0.087842933,-0.080581016,16.348390,16.327793,0.12614776,0.587562 µm.
3.1147917,-0.087842933,-0.080581016,16.348390,16.327793,0.12614776,0.587562 µm.
3.1989752,-0.092244891,-0.084902174,16.792298,16.769991,0.13301774,0.587562 µm.
3.1989752,-0.092244891,-0.084902174,16.792298,16.769991,0.13301774,0.587562 µm.
3.2831588,-0.096714745,-0.089323954,17.236370,17.212262,0.14006646,0.587562 µm.
3.2831588,-0.096714745,-0.089323954,17.236370,17.212262,0.14006646,0.587562 µm.
3.3673423,-0.10124863,-0.093845200,17.680611,17.654607,0.14729358,0.587562 µm.
3.3673423,-0.10124863,-0.093845200,17.680611,17.654607,0.14729358,0.587562 µm.
3.4515259,-0.10584258,-0.098464722,18.125024,18.097028,0.15469873,0.587562 µm.
3.4515259,-0.10584258,-0.098464722,18.125024,18.097028,0.15469873,0.587562 µm.
3.5357095,-0.11049254,-0.10318130,18.569615,18.539529,0.16228154,0.587562 µm.
3.5357095,-0.11049254,-0.10318130,18.569615,18.539529,0.16228154,0.587562 µm.
3.6198930,-0.11519437,-0.10799369,19.014387,18.982109,0.17004163,0.587562 µm.
3.6198930,-0.11519437,-0.10799369,19.014387,18.982109,0.17004163,0.587562 µm.
3.7040766,-0.11994384,-0.11290060,19.459344,19.424772,0.17797860,0.587562 µm.
3.7040766,-0.11994384,-0.11290060,19.459344,19.424772,0.17797860,0.587562 µm.
3.7882601,-0.12473662,-0.11790073,19.904491,19.867519,0.18609204,0.587562 µm.
3.7882601,-0.12473662,-0.11790073,19.904491,19.867519,0.18609204,0.587562 µm.
3.8724437,-0.12956830,-0.12299273,20.349832,20.310352,0.19438155,0.587562 µm.
3.8724437,-0.12956830,-0.12299273,20.349832,20.310352,0.19438155,0.587562 µm.
3.9566272,-0.13443439,-0.12817522,20.795371,20.753273,0.20284670,0.587562 µm.
3.9566272,-0.13443439,-0.12817522,20.795371,20.753273,0.20284670,0.587562 µm.
4.0408108,-0.13933029,-0.13344682,21.241112,21.196284,0.21148706,0.587562 µm.
4.0408108,-0.13933029,-0.13344682,21.241112,21.196284,0.21148706,0.587562 µm.
4.1249944,-0.14425134,-0.13880607,21.687060,21.639388,0.22030219,0.587562 µm.
4.1249944,-0.14425134,-0.13880607,21.687060,21.639388,0.22030219,0.587562 µm.
4.2091779,-0.14919278,-0.14425151,22.133218,22.082585,0.22929164,0.587562 µm.
4.2091779,-0.14919278,-0.14425151,22.133218,22.082585,0.22929164,0.587562 µm.
4.2933615,-0.15414976,-0.14978164,22.579592,22.525878,0.23845493,0.587562 µm.
4.2933615,-0.15414976,-0.14978164,22.579592,22.525878,0.23845493,0.587562 µm.
4.3775450,-0.15911736,-0.15539494,23.026185,22.969269,0.24779161,0.587562 µm.
4.3775450,-0.15911736,-0.15539494,23.026185,22.969269,0.24779161,0.587562 µm.
4.4617286,-0.16409057,-0.16108985,23.473001,23.412759,0.25730119,0.587562 µm.
4.4617286,-0.16409057,-0.16108985,23.473001,23.412759,0.25730119,0.587562 µm.
4.5459122,-0.16906430,-0.16686476,23.920044,23.856352,0.26698317,0.587562 µm.
4.5459122,-0.16906430,-0.16686476,23.920044,23.856352,0.26698317,0.587562 µm.
4.6300957,-0.17403339,-0.17271807,24.367319,24.300047,0.27683705,0.587562 µm.
4.6300957,-0.17403339,-0.17271807,24.367319,24.300047,0.27683705,0.587562 µm.
4.7142793,-0.17899256,-0.17864811,24.814830,24.743849,0.28686232,0.587562 µm.
4.7142793,-0.17899256,-0.17864811,24.814830,24.743849,0.28686232,0.587562 µm.
4.7984628,-0.18393650,-0.18465321,25.262580,25.187758,0.29705846,0.587562 µm.
4.7984628,-0.18393650,-0.18465321,25.262580,25.187758,0.29705846,0.587562 µm.
4.8826464,-0.18885981,-0.19073163,25.710575,25.631777,0.30742493,0.587562 µm.
4.8826464,-0.18885981,-0.19073163,25.710575,25.631777,0.30742493,0.587562 µm.
4.9668299,-0.19375698,-0.19688164,26.158818,26.075907,0.31796119,0.587562 µm.
4.9668299,-0.19375698,-0.19688164,26.158818,26.075907,0.31796119,0.587562 µm.
5.0510135,-0.19862246,-0.20310145,26.607313,26.520150,0.32866668,0.587562 µm.
5.0510135,-0.19862246,-0.20310145,26.607313,26.520150,0.32866668,0.587562 µm.
5.1351971,-0.20345061,-0.20938925,27.056065,26.964509,0.33954085,0.587562 µm.
5.1351971,-0.20345061,-0.20938925,27.056065,26.964509,0.33954085,0.587562 µm.
5.2193806,-0.20823572,-0.21574320,27.505077,27.408985,0.35058311,0.587562 µm.
5.2193806,-0.20823572,-0.21574320,27.505077,27.408985,0.35058311,0.587562 µm.
5.3035642,-0.21297200,-0.22216142,27.954353,27.853581,0.36179288,0.587562 µm.
5.3035642,-0.21297200,-0.22216142,27.954353,27.853581,0.36179288,0.587562 µm.
5.3877477,-0.21765359,-0.22864201,28.403899,28.298298,0.37316956,0.587562 µm.
5.3877477,-0.21765359,-0.22864201,28.403899,28.298298,0.37316956,0.587562 µm.
5.4719313,-0.22227457,-0.23518301,28.853717,28.743138,0.38471256,0.587562 µm.
5.4719313,-0.22227457,-0.23518301,28.853717,28.743138,0.38471256,0.587562 µm.
5.5561149,-0.22682895,-0.24178247,29.303811,29.188104,0.39642124,0.587562 µm.
5.5561149,-0.22682895,-0.24178247,29.303811,29.188104,0.39642124,0.587562 µm.
5.6402984,-0.23131064,-0.24843838,29.754187,29.633196,0.40829499,0.587562 µm.
5.6402984,-0.23131064,-0.24843838,29.754187,29.633196,0.40829499,0.587562 µm.
5.7244820,-0.23571352,-0.25514870,30.204848,30.078418,0.42033316,0.587562 µm.
5.7244820,-0.23571352,-0.25514870,30.204848,30.078418,0.42033316,0.587562 µm.
5.8086655,-0.24003138,-0.26191137,30.655797,30.523771,0.43253510,0.587562 µm.
5.8086655,-0.24003138,-0.26191137,30.655797,30.523771,0.43253510,0.587562 µm.
5.8928491,-0.24425796,-0.26872428,31.107039,30.969257,0.44490016,0.587562 µm.
5.8928491,-0.24425796,-0.26872428,31.107039,30.969257,0.44490016,0.587562 µm.
5.9770326,-0.24838693,-0.27558530,31.558579,31.414878,0.45742767,0.587562 µm.
5.9770326,-0.24838693,-0.27558530,31.558579,31.414878,0.45742767,0.587562 µm.
6.0612162,-0.25241189,-0.28249227,32.010419,31.860637,0.47011693,0.587562 µm.
6.0612162,-0.25241189,-0.28249227,32.010419,31.860637,0.47011693,0.587562 µm.
6.1453998,-0.25632640,-0.28944299,32.462564,32.306534,0.48296727,0.587562 µm.
6.1453998,-0.25632640,-0.28944299,32.462564,32.306534,0.48296727,0.587562 µm.
6.2295833,-0.26012393,-0.29643523,32.915018,32.752573,0.49597797,0.587562 µm.
6.2295833,-0.26012393,-0.29643523,32.915018,32.752573,0.49597797,0.587562 µm.
6.3137669,-0.26379790,-0.30346673,33.367785,33.198755,0.50914833,0.587562 µm.
6.3137669,-0.26379790,-0.30346673,33.367785,33.198755,0.50914833,0.587562 µm.
6.3979504,-0.26734170,-0.31053520,33.820869,33.645081,0.52247760,0.587562 µm.
6.3979504,-0.26734170,-0.31053520,33.820869,33.645081,0.52247760,0.587562 µm.
6.4821340,-0.27074862,-0.31763829,34.274274,34.091555,0.53596507,0.587562 µm.
6.4821340,-0.27074862,-0.31763829,34.274274,34.091555,0.53596507,0.587562 µm.
6.5663176,-0.27401192,-0.32477367,34.728004,34.538178,0.54960998,0.587562 µm.
6.5663176,-0.27401192,-0.32477367,34.728004,34.538178,0.54960998,0.587562 µm.
6.6505011,-0.27712480,-0.33193892,35.182062,34.984952,0.56341156,0.587562 µm.
6.6505011,-0.27712480,-0.33193892,35.182062,34.984952,0.56341156,0.587562 µm.
6.7346847,-0.28008042,-0.33913163,35.636452,35.431880,0.57736906,0.587562 µm.
6.7346847,-0.28008042,-0.33913163,35.636452,35.431880,0.57736906,0.587562 µm.
6.8188682,-0.28287187,-0.34634934,36.091179,35.878962,0.59148169,0.587562 µm.
6.8188682,-0.28287187,-0.34634934,36.091179,35.878962,0.59148169,0.587562 µm.
6.9030518,-0.28549220,-0.35358956,36.546247,36.326201,0.60574864,0.587562 µm.
6.9030518,-0.28549220,-0.35358956,36.546247,36.326201,0.60574864,0.587562 µm.
6.9872353,-0.28793440,-0.36084975,37.001658,36.773600,0.62016913,0.587562 µm.
6.9872353,-0.28793440,-0.36084975,37.001658,36.773600,0.62016913,0.587562 µm.
7.0714189,-0.29019144,-0.36812737,37.457418,37.221160,0.63474233,0.587562 µm.
7.0714189,-0.29019144,-0.36812737,37.457418,37.221160,0.63474233,0.587562 µm.
7.1556025,-0.29225622,-0.37541981,37.913530,37.668882,0.64946742,0.587562 µm.
7.1556025,-0.29225622,-0.37541981,37.913530,37.668882,0.64946742,0.587562 µm.
7.2397860,-0.29412159,-0.38272447,38.369997,38.116771,0.66434355,0.587562 µm.
7.2397860,-0.29412159,-0.38272447,38.369997,38.116771,0.66434355,0.587562 µm.
7.3239696,-0.29578039,-0.39003867,38.826824,38.564826,0.67936987,0.587562 µm.
7.3239696,-0.29578039,-0.39003867,38.826824,38.564826,0.67936987,0.587562 µm.
7.4081531,-0.29722539,-0.39735972,39.284014,39.013050,0.69454553,0.587562 µm.
7.4081531,-0.29722539,-0.39735972,39.284014,39.013050,0.69454553,0.587562 µm.
7.4923367,-0.29844934,-0.40468491,39.741571,39.461446,0.70986964,0.587562 µm.
7.4923367,-0.29844934,-0.40468491,39.741571,39.461446,0.70986964,0.587562 µm.
7.5765203,-0.29944493,-0.41201147,40.199499,39.910016,0.72534133,0.587562 µm.
7.5765203,-0.29944493,-0.41201147,40.199499,39.910016,0.72534133,0.587562 µm.
7.6607038,-0.30020482,-0.41933661,40.657802,40.358760,0.74095968,0.587562 µm.
7.6607038,-0.30020482,-0.41933661,40.657802,40.358760,0.74095968,0.587562 µm.
7.7448874,-0.30072166,-0.42665750,41.116483,40.807682,0.75672380,0.587562 µm.
7.7448874,-0.30072166,-0.42665750,41.116483,40.807682,0.75672380,0.587562 µm.
7.8290709,-0.30098804,-0.43397129,41.575547,41.256783,0.77263275,0.587562 µm.
7.8290709,-0.30098804,-0.43397129,41.575547,41.256783,0.77263275,0.587562 µm.
7.9132545,-0.30099652,-0.44127508,42.034996,41.706066,0.78868561,0.587562 µm.
7.9132545,-0.30099652,-0.44127508,42.034996,41.706066,0.78868561,0.587562 µm.
7.9974380,-0.30073964,-0.44856594,42.494835,42.155533,0.80488143,0.587562 µm.
7.9974380,-0.30073964,-0.44856594,42.494835,42.155533,0.80488143,0.587562 µm.
8.0816216,-0.30020991,-0.45584092,42.955067,42.605185,0.82121925,0.587562 µm.
8.0816216,-0.30020991,-0.45584092,42.955067,42.605185,0.82121925,0.587562 µm.
8.1658052,-0.29939981,-0.46309701,43.415696,43.055025,0.83769810,0.587562 µm.
8.1658052,-0.29939981,-0.46309701,43.415696,43.055025,0.83769810,0.587562 µm.
8.2499887,-0.29830180,-0.47033119,43.876725,43.505054,0.85431700,0.587562 µm.
8.2499887,-0.29830180,-0.47033119,43.876725,43.505054,0.85431700,0.587562 µm.
8.3341723,-0.29690830,-0.47754039,44.338159,43.955275,0.87107494,0.587562 µm.
8.3341723,-0.29690830,-0.47754039,44.338159,43.955275,0.87107494,0.587562 µm.
8.4183558,-0.29521173,-0.48472151,44.800000,44.405690,0.88797094,0.587562 µm.
8.4183558,-0.29521173,-0.48472151,44.800000,44.405690,0.88797094,0.587562 µm.
0.00000000,0.34246516,0.34246516,0.00000000,0.00000000,0.00000000,0.656273 µm.
0.00000000,0.34246516,0.34246516,0.00000000,0.00000000,0.00000000,0.656273 µm.
0.084183558,0.34239717,0.34240064,0.44054106,0.44054071,7.8730077E-005,0.656273 µm.
0.084183558,0.34239717,0.34240064,0.44054106,0.44054071,7.8730077E-005,0.656273 µm.
0.16836712,0.34216834,0.34220709,0.88108650,0.88108333,3.5964813E-004,0.656273 µm.
0.16836712,0.34216834,0.34220709,0.88108650,0.88108333,3.5964813E-004,0.656273 µm.
0.25255068,0.34177883,0.34188456,1.3216407,1.3216298,8.2783001E-004,0.656273 µm.
0.25255068,0.34177883,0.34188456,1.3216407,1.3216298,8.2783001E-004,0.656273 µm.
0.33673423,0.34122889,0.34143313,1.7622080,1.7621819,1.4832534E-003,0.656273 µm.
0.33673423,0.34122889,0.34143313,1.7622080,1.7621819,1.4832534E-003,0.656273 µm.
0.42091779,0.34051890,0.34085289,2.2027928,2.2027416,2.3258870E-003,0.656273 µm.
0.42091779,0.34051890,0.34085289,2.2027928,2.2027416,2.3258870E-003,0.656273 µm.
0.50510135,0.33964931,0.34014399,2.6433996,2.6433109,3.3556743E-003,0.656273 µm.
0.50510135,0.33964931,0.34014399,2.6433996,2.6433109,3.3556743E-003,0.656273 µm.
0.58928491,0.33862072,0.33930658,3.0840325,3.0838915,4.5725990E-003,0.656273 µm.
0.58928491,0.33862072,0.33930658,3.0840325,3.0838915,4.5725990E-003,0.656273 µm.
0.67346847,0.33743381,0.33834087,3.5246961,3.5244855,5.9765866E-003,0.656273 µm.
0.67346847,0.33743381,0.33834087,3.5246961,3.5244855,5.9765866E-003,0.656273 µm.
0.75765203,0.33608936,0.33724707,3.9653948,3.9650947,7.5675700E-003,0.656273 µm.
0.75765203,0.33608936,0.33724707,3.9653948,3.9650947,7.5675700E-003,0.656273 µm.
0.84183558,0.33458827,0.33602544,4.4061327,4.4057210,9.3454733E-003,0.656273 µm.
0.84183558,0.33458827,0.33602544,4.4061327,4.4057210,9.3454733E-003,0.656273 µm.
0.92601914,0.33293154,0.33467626,4.8469145,4.8463664,0.011310211,0.656273 µm.
0.92601914,0.33293154,0.33467626,4.8469145,4.8463664,0.011310211,0.656273 µm.
1.0102027,0.33112028,0.33319984,5.2877444,5.2870326,0.013461691,0.656273 µm.
1.0102027,0.33112028,0.33319984,5.2877444,5.2870326,0.013461691,0.656273 µm.
1.0943863,0.32915570,0.33159654,5.7286267,5.7277217,0.015799808,0.656273 µm.
1.0943863,0.32915570,0.33159654,5.7286267,5.7277217,0.015799808,0.656273 µm.
1.1785698,0.32703911,0.32986672,6.1695659,6.1684356,0.018324451,0.656273 µm.
1.1785698,0.32703911,0.32986672,6.1695659,6.1684356,0.018324451,0.656273 µm.
1.2627534,0.32477195,0.32801079,6.6105664,6.6091761,0.021035500,0.656273 µm.
1.2627534,0.32477195,0.32801079,6.6105664,6.6091761,0.021035500,0.656273 µm.
1.3469369,0.32235573,0.32602917,7.0516324,7.0499451,0.023932824,0.656273 µm.
1.3469369,0.32235573,0.32602917,7.0516324,7.0499451,0.023932824,0.656273 µm.
1.4311205,0.31979208,0.32392235,7.4927683,7.4907446,0.027016284,0.656273 µm.
1.4311205,0.31979208,0.32392235,7.4927683,7.4907446,0.027016284,0.656273 µm.
1.5153041,0.31708275,0.32169079,7.9339786,7.9315765,0.030285733,0.656273 µm.
1.5153041,0.31708275,0.32169079,7.9339786,7.9315765,0.030285733,0.656273 µm.
1.5994876,0.31422957,0.31933505,8.3752676,8.3724426,0.033741013,0.656273 µm.
1.5994876,0.31422957,0.31933505,8.3752676,8.3724426,0.033741013,0.656273 µm.
1.6836712,0.31123448,0.31685565,8.8166395,8.8133449,0.037381959,0.656273 µm.
1.6836712,0.31123448,0.31685565,8.8166395,8.8133449,0.037381959,0.656273 µm.
1.7678547,0.30809953,0.31425319,9.2580988,9.2542853,0.041208394,0.656273 µm.
1.7678547,0.30809953,0.31425319,9.2580988,9.2542853,0.041208394,0.656273 µm.
1.8520383,0.30482686,0.31152829,9.6996499,9.6952657,0.045220136,0.656273 µm.
1.8520383,0.30482686,0.31152829,9.6996499,9.6952657,0.045220136,0.656273 µm.
1.9362218,0.30141874,0.30868159,10.141297,10.136288,0.049416989,0.656273 µm.
1.9362218,0.30141874,0.30868159,10.141297,10.136288,0.049416989,0.656273 µm.
2.0204054,0.29787751,0.30571375,10.583045,10.577354,0.053798752,0.656273 µm.
2.0204054,0.29787751,0.30571375,10.583045,10.577354,0.053798752,0.656273 µm.
2.1045890,0.29420563,0.30262549,11.024897,11.018466,0.058365213,0.656273 µm.
2.1045890,0.29420563,0.30262549,11.024897,11.018466,0.058365213,0.656273 µm.
2.1887725,0.29040566,0.29941753,11.466858,11.459625,0.063116151,0.656273 µm.
2.1887725,0.29040566,0.29941753,11.466858,11.459625,0.063116151,0.656273 µm.
2.2729561,0.28648026,0.29609066,11.908933,11.900834,0.068051336,0.656273 µm.
2.2729561,0.28648026,0.29609066,11.908933,11.900834,0.068051336,0.656273 µm.
2.3571396,0.28243218,0.29264565,12.351126,12.342095,0.073170528,0.656273 µm.
2.3571396,0.28243218,0.29264565,12.351126,12.342095,0.073170528,0.656273 µm.
2.4413232,0.27826429,0.28908333,12.793440,12.783409,0.078473478,0.656273 µm.
2.4413232,0.27826429,0.28908333,12.793440,12.783409,0.078473478,0.656273 µm.
2.5255068,0.27397955,0.28540457,13.235881,13.224778,0.083959930,0.656273 µm.
2.5255068,0.27397955,0.28540457,13.235881,13.224778,0.083959930,0.656273 µm.
2.6096903,0.26958101,0.28161025,13.678453,13.666204,0.089629616,0.656273 µm.
2.6096903,0.26958101,0.28161025,13.678453,13.666204,0.089629616,0.656273 µm.
2.6938739,0.26507184,0.27770127,14.121160,14.107690,0.095482258,0.656273 µm.
2.6938739,0.26507184,0.27770127,14.121160,14.107690,0.095482258,0.656273 µm.
2.7780574,0.26045529,0.27367860,14.564006,14.549236,0.10151757,0.656273 µm.
2.7780574,0.26045529,0.27367860,14.564006,14.549236,0.10151757,0.656273 µm.
2.8622410,0.25573472,0.26954320,15.006996,14.990846,0.10773526,0.656273 µm.
2.8622410,0.25573472,0.26954320,15.006996,14.990846,0.10773526,0.656273 µm.
2.9464245,0.25091357,0.26529610,15.450134,15.432520,0.11413502,0.656273 µm.
2.9464245,0.25091357,0.26529610,15.450134,15.432520,0.11413502,0.656273 µm.
3.0306081,0.24599540,0.26093831,15.893424,15.874261,0.12071654,0.656273 µm.
3.0306081,0.24599540,0.26093831,15.893424,15.874261,0.12071654,0.656273 µm.
3.1147917,0.24098386,0.25647092,16.336871,16.316071,0.12747949,0.656273 µm.
3.1147917,0.24098386,0.25647092,16.336871,16.316071,0.12747949,0.656273 µm.
3.1989752,0.23588268,0.25189502,16.780478,16.757952,0.13442354,0.656273 µm.
3.1989752,0.23588268,0.25189502,16.780478,16.757952,0.13442354,0.656273 µm.
3.2831588,0.23069570,0.24721175,17.224251,17.199905,0.14154835,0.656273 µm.
3.2831588,0.23069570,0.24721175,17.224251,17.199905,0.14154835,0.656273 µm.
3.3673423,0.22542686,0.24242227,17.668193,17.641933,0.14885357,0.656273 µm.
3.3673423,0.22542686,0.24242227,17.668193,17.641933,0.14885357,0.656273 µm.
3.4515259,0.22008017,0.23752776,18.112309,18.084037,0.15633883,0.656273 µm.
3.4515259,0.22008017,0.23752776,18.112309,18.084037,0.15633883,0.656273 µm.
3.5357095,0.21465975,0.23252945,18.556603,18.526219,0.16400376,0.656273 µm.
3.5357095,0.21465975,0.23252945,18.556603,18.526219,0.16400376,0.656273 µm.
3.6198930,0.20916983,0.22742860,19.001079,18.968482,0.17184798,0.656273 µm.
3.6198930,0.20916983,0.22742860,19.001079,18.968482,0.17184798,0.656273 µm.
3.7040766,0.20361468,0.22222649,19.445741,19.410827,0.17987110,0.656273 µm.
3.7040766,0.20361468,0.22222649,19.445741,19.410827,0.17987110,0.656273 µm.
3.7882601,0.19799873,0.21692444,19.890595,19.853256,0.18807273,0.656273 µm.
3.7882601,0.19799873,0.21692444,19.890595,19.853256,0.18807273,0.656273 µm.
3.8724437,0.19232643,0.21152378,20.335643,20.295771,0.19645244,0.656273 µm.
3.8724437,0.19232643,0.21152378,20.335643,20.295771,0.19645244,0.656273 µm.
3.9566272,0.18660238,0.20602591,20.780890,20.738375,0.20500982,0.656273 µm.
3.9566272,0.18660238,0.20602591,20.780890,20.738375,0.20500982,0.656273 µm.
4.0408108,0.18083123,0.20043223,21.226341,21.181068,0.21374445,0.656273 µm.
4.0408108,0.18083123,0.20043223,21.226341,21.181068,0.21374445,0.656273 µm.
4.1249944,0.17501773,0.19474418,21.672000,21.623853,0.22265587,0.656273 µm.
4.1249944,0.17501773,0.19474418,21.672000,21.623853,0.22265587,0.656273 µm.
4.2091779,0.16916672,0.18896323,22.117870,22.066732,0.23174364,0.656273 µm.
4.2091779,0.16916672,0.18896323,22.117870,22.066732,0.23174364,0.656273 µm.
4.2933615,0.16328313,0.18309088,22.563957,22.509707,0.24100731,0.656273 µm.
4.2933615,0.16328313,0.18309088,22.563957,22.509707,0.24100731,0.656273 µm.
4.3775450,0.15737197,0.17712868,23.010264,22.952779,0.25044639,0.656273 µm.
4.3775450,0.15737197,0.17712868,23.010264,22.952779,0.25044639,0.656273 µm.
4.4617286,0.15143833,0.17107818,23.456795,23.395951,0.26006042,0.656273 µm.
4.4617286,0.15143833,0.17107818,23.456795,23.395951,0.26006042,0.656273 µm.
4.5459122,0.14548740,0.16494098,23.903555,23.839225,0.26984890,0.656273 µm.
4.5459122,0.14548740,0.16494098,23.903555,23.839225,0.26984890,0.656273 µm.
4.6300957,0.13952443,0.15871871,24.350548,24.282603,0.27981133,0.656273 µm.
4.6300957,0.13952443,0.15871871,24.350548,24.282603,0.27981133,0.656273 µm.
4.7142793,0.13355477,0.15241303,24.797778,24.726086,0.28994720,0.656273 µm.
4.7142793,0.13355477,0.15241303,24.797778,24.726086,0.28994720,0.656273 µm.
4.7984628,0.12758385,0.14602563,25.245249,25.169676,0.30025599,0.656273 µm.
4.7984628,0.12758385,0.14602563,25.245249,25.169676,0.30025599,0.656273 µm.
4.8826464,0.12161717,0.13955825,25.692966,25.613376,0.31073717,0.656273 µm.
4.8826464,0.12161717,0.13955825,25.692966,25.613376,0.31073717,0.656273 µm.
4.9668299,0.11566032,0.13301262,26.140932,26.057187,0.32139020,0.656273 µm.
4.9668299,0.11566032,0.13301262,26.140932,26.057187,0.32139020,0.656273 µm.
5.0510135,0.10971897,0.12639054,26.589152,26.501112,0.33221453,0.656273 µm.
5.0510135,0.10971897,0.12639054,26.589152,26.501112,0.33221453,0.656273 µm.
5.1351971,0.10379886,0.11969383,27.037630,26.945152,0.34320960,0.656273 µm.
5.1351971,0.10379886,0.11969383,27.037630,26.945152,0.34320960,0.656273 µm.
5.2193806,0.097905813,0.11292434,27.486370,27.389309,0.35437483,0.656273 µm.
5.2193806,0.097905813,0.11292434,27.486370,27.389309,0.35437483,0.656273 µm.
5.3035642,0.092045714,0.10608395,27.935375,27.833585,0.36570965,0.656273 µm.
5.3035642,0.092045714,0.10608395,27.935375,27.833585,0.36570965,0.656273 µm.
5.3877477,0.086224536,0.099174582,28.384651,28.277983,0.37721345,0.656273 µm.
5.3877477,0.086224536,0.099174582,28.384651,28.277983,0.37721345,0.656273 µm.
5.4719313,0.080448324,0.092198176,28.834201,28.722504,0.38888564,0.656273 µm.
5.4719313,0.080448324,0.092198176,28.834201,28.722504,0.38888564,0.656273 µm.
5.5561149,0.074723191,0.085156713,29.284030,29.167150,0.40072560,0.656273 µm.
5.5561149,0.074723191,0.085156713,29.284030,29.167150,0.40072560,0.656273 µm.
5.6402984,0.069055324,0.078052207,29.734141,29.611923,0.41273271,0.656273 µm.
5.6402984,0.069055324,0.078052207,29.734141,29.611923,0.41273271,0.656273 µm.
5.7244820,0.063450979,0.070886700,30.184538,30.056825,0.42490633,0.656273 µm.
5.7244820,0.063450979,0.070886700,30.184538,30.056825,0.42490633,0.656273 µm.
5.8086655,0.057916480,0.063662270,30.635226,30.501858,0.43724582,0.656273 µm.
5.8086655,0.057916480,0.063662270,30.635226,30.501858,0.43724582,0.656273 µm.
5.8928491,0.052458223,0.056381025,31.086209,30.947025,0.44975051,0.656273 µm.
5.8928491,0.052458223,0.056381025,31.086209,30.947025,0.44975051,0.656273 µm.
5.9770326,0.047082666,0.049045107,31.537490,31.392326,0.46241974,0.656273 µm.
5.9770326,0.047082666,0.049045107,31.537490,31.392326,0.46241974,0.656273 µm.
6.0612162,0.041796340,0.041656689,31.989074,31.837764,0.47525283,0.656273 µm.
6.0612162,0.041796340,0.041656689,31.989074,31.837764,0.47525283,0.656273 µm.
6.1453998,0.036605824,0.034217980,32.440965,32.283342,0.48824909,0.656273 µm.
6.1453998,0.036605824,0.034217980,32.440965,32.283342,0.48824909,0.656273 µm.
6.2295833,0.031517776,0.026731219,32.893166,32.729060,0.50140783,0.656273 µm.
6.2295833,0.031517776,0.026731219,32.893166,32.729060,0.50140783,0.656273 µm.
6.3137669,0.026538911,0.019198677,33.345682,33.174921,0.51472832,0.656273 µm.
6.3137669,0.026538911,0.019198677,33.345682,33.174921,0.51472832,0.656273 µm.
6.3979504,0.021676005,0.011622660,33.798517,33.620928,0.52820984,0.656273 µm.
6.3979504,0.021676005,0.011622660,33.798517,33.620928,0.52820984,0.656273 µm.
6.4821340,0.016935890,4.0055065E-003,34.251674,34.067081,0.54185166,0.656273 µm.
6.4821340,0.016935890,4.0055065E-003,34.251674,34.067081,0.54185166,0.656273 µm.
6.5663176,0.012325462,-3.6504129E-003,34.705158,34.513384,0.55565304,0.656273 µm.
6.5663176,0.012325462,-3.6504129E-003,34.705158,34.513384,0.55565304,0.656273 µm.
6.6505011,7.8516674E-003,-0.011342694,35.158973,34.959837,0.56961322,0.656273 µm.
6.6505011,7.8516674E-003,-0.011342694,35.158973,34.959837,0.56961322,0.656273 µm.
6.7346847,3.5215128E-003,-0.019068899,35.613122,35.406443,0.58373142,0.656273 µm.
6.7346847,3.5215128E-003,-0.019068899,35.613122,35.406443,0.58373142,0.656273 µm.
6.8188682,-6.5794459E-004,-0.026826557,36.067609,35.853205,0.59800688,0.656273 µm.
6.8188682,-6.5794459E-004,-0.026826557,36.067609,35.853205,0.59800688,0.656273 µm.
6.9030518,-4.6795922E-003,-0.034613165,36.522439,36.300123,0.61243879,0.656273 µm.
6.9030518,-4.6795922E-003,-0.034613165,36.522439,36.300123,0.61243879,0.656273 µm.
6.9872353,-8.5362669E-003,-0.042426185,36.977615,36.747200,0.62702636,0.656273 µm.
6.9872353,-8.5362669E-003,-0.042426185,36.977615,36.747200,0.62702636,0.656273 µm.
7.0714189,-0.012220757,-0.050263046,37.433141,37.194439,0.64176877,0.656273 µm.
7.0714189,-0.012220757,-0.050263046,37.433141,37.194439,0.64176877,0.656273 µm.
7.1556025,-0.015725801,-0.058121145,37.889021,37.641840,0.65666520,0.656273 µm.
7.1556025,-0.015725801,-0.058121145,37.889021,37.641840,0.65666520,0.656273 µm.
7.2397860,-0.019044091,-0.065997842,38.345259,38.089407,0.67171481,0.656273 µm.
7.2397860,-0.019044091,-0.065997842,38.345259,38.089407,0.67171481,0.656273 µm.
7.3239696,-0.022168274,-0.073890467,38.801859,38.537140,0.68691675,0.656273 µm.
7.3239696,-0.022168274,-0.073890467,38.801859,38.537140,0.68691675,0.656273 µm.
7.4081531,-0.025090949,-0.081796315,39.258824,38.985043,0.70227016,0.656273 µm.
7.4081531,-0.025090949,-0.081796315,39.258824,38.985043,0.70227016,0.656273 µm.
7.4923367,-0.027804679,-0.089712645,39.716158,39.433117,0.71777416,0.656273 µm.
7.4923367,-0.027804679,-0.089712645,39.716158,39.433117,0.71777416,0.656273 µm.
7.5765203,-0.030301980,-0.097636686,40.173865,39.881364,0.73342788,0.656273 µm.
7.5765203,-0.030301980,-0.097636686,40.173865,39.881364,0.73342788,0.656273 µm.
7.6607038,-0.032575332,-0.10556563,40.631950,40.329787,0.74923041,0.656273 µm.
7.6607038,-0.032575332,-0.10556563,40.631950,40.329787,0.74923041,0.656273 µm.
7.7448874,-0.034617175,-0.11349664,41.090415,40.778387,0.76518085,0.656273 µm.
7.7448874,-0.034617175,-0.11349664,41.090415,40.778387,0.76518085,0.656273 µm.
7.8290709,-0.036419913,-0.12142683,41.549264,41.227166,0.78127828,0.656273 µm.
7.8290709,-0.036419913,-0.12142683,41.549264,41.227166,0.78127828,0.656273 µm.
7.9132545,-0.037975915,-0.12935330,42.008502,41.676126,0.79752176,0.656273 µm.
7.9132545,-0.037975915,-0.12935330,42.008502,41.676126,0.79752176,0.656273 µm.
7.9974380,-0.039277512,-0.13727311,42.468132,42.125270,0.81391036,0.656273 µm.
7.9974380,-0.039277512,-0.13727311,42.468132,42.125270,0.81391036,0.656273 µm.
8.0816216,-0.040317017,-0.14518327,42.928157,42.574599,0.83044310,0.656273 µm.
8.0816216,-0.040317017,-0.14518327,42.928157,42.574599,0.83044310,0.656273 µm.
8.1658052,-0.041086699,-0.15308078,43.388581,43.024116,0.84711903,0.656273 µm.
8.1658052,-0.041086699,-0.15308078,43.388581,43.024116,0.84711903,0.656273 µm.
8.2499887,-0.041578804,-0.16096258,43.849409,43.473822,0.86393716,0.656273 µm.
8.2499887,-0.041578804,-0.16096258,43.849409,43.473822,0.86393716,0.656273 µm.
8.3341723,-0.041785549,-0.16882560,44.310643,43.923720,0.88089650,0.656273 µm.
8.3341723,-0.041785549,-0.16882560,44.310643,43.923720,0.88089650,0.656273 µm.
8.4183558,-0.041699128,-0.17666672,44.772287,44.373812,0.89799604,0.656273 µm.
8.4183558,-0.041699128,-0.17666672,44.772287,44.373812,0.89799604,0.656273 µm.
